USE SoftIntel_BI_Web;
GO

-- Poblado de Dimensiones --
DELETE FROM Fact_Proyectos_Metricas;
DELETE FROM Dim_Tecnologia;
INSERT INTO Dim_Tecnologia VALUES (1, 'Python / Django', 'PostgreSQL', 'AWS');
INSERT INTO Dim_Tecnologia VALUES (2, 'React / Node.js', 'MongoDB', 'AWS');
INSERT INTO Dim_Tecnologia VALUES (3, '.NET Core / Angular', 'SQL Server', 'Azure');
INSERT INTO Dim_Tecnologia VALUES (4, 'Java Spring', 'Oracle', 'Google Cloud');
INSERT INTO Dim_Tecnologia VALUES (5, 'PHP / Laravel', 'MySQL', 'DigitalOcean');
INSERT INTO Dim_Tecnologia VALUES (6, 'Data Science Stack', 'BigQuery', 'Google Cloud');
DELETE FROM Dim_Estado;
INSERT INTO Dim_Estado VALUES (1, 'Completado', 'Éxito rotundo');
INSERT INTO Dim_Estado VALUES (2, 'Completado', 'Con sobrecostos');
INSERT INTO Dim_Estado VALUES (3, 'Completado', 'Con retrasos');
INSERT INTO Dim_Estado VALUES (4, 'Cancelado', 'Falta de presupuesto');
INSERT INTO Dim_Estado VALUES (5, 'Cancelado', 'Cambio de estrategia');
INSERT INTO Dim_Estado VALUES (6, 'Retrasado', 'Problemas técnicos');
DELETE FROM Dim_Cliente;
INSERT INTO Dim_Cliente VALUES (1, 'Bueno y Ozuna y Asociados', 'Educación', 'México', 'Unicornio');
INSERT INTO Dim_Cliente VALUES (2, 'Curiel-Yáñez', 'Educación', 'México', 'Corporativo');
INSERT INTO Dim_Cliente VALUES (3, 'Corporacin Cabán-Arce', 'Logística', 'México', 'Startup');
INSERT INTO Dim_Cliente VALUES (4, 'Alvarado-Briones', 'Retail', 'México', 'Corporativo');
INSERT INTO Dim_Cliente VALUES (5, 'Quiñones S.A. de C.V.', 'Logística', 'México', 'Startup');
INSERT INTO Dim_Cliente VALUES (6, 'Molina S.A.', 'Fintech', 'México', 'Startup');
INSERT INTO Dim_Cliente VALUES (7, 'Tórrez, Avilés y Espinal', 'Retail', 'México', 'Unicornio');
INSERT INTO Dim_Cliente VALUES (8, 'Laboratorios Apodaca, Meza y Tapia', 'Retail', 'México', 'Unicornio');
INSERT INTO Dim_Cliente VALUES (9, 'Santana S. R.L. de C.V.', 'Fintech', 'México', 'Unicornio');
INSERT INTO Dim_Cliente VALUES (10, 'Sevilla y Arreola y Asociados', 'Retail', 'México', 'Pyme');
INSERT INTO Dim_Cliente VALUES (11, 'Negrete-Cardona S.A. de C.V.', 'Logística', 'México', 'Corporativo');
INSERT INTO Dim_Cliente VALUES (12, 'Garibay y Pedroza S.A.', 'Manufactura', 'México', 'Unicornio');
INSERT INTO Dim_Cliente VALUES (13, 'Tamez S.A.', 'Manufactura', 'México', 'Startup');
INSERT INTO Dim_Cliente VALUES (14, 'Cruz S.C.', 'Retail', 'México', 'Startup');
INSERT INTO Dim_Cliente VALUES (15, 'Proyectos Arellano, Peres y Luna', 'Fintech', 'México', 'Pyme');
INSERT INTO Dim_Cliente VALUES (16, 'Despacho Badillo y Trujillo', 'Retail', 'México', 'Startup');
INSERT INTO Dim_Cliente VALUES (17, 'Garza S.C.', 'Manufactura', 'México', 'Pyme');
INSERT INTO Dim_Cliente VALUES (18, 'Grupo Nava-Salcedo', 'Manufactura', 'México', 'Unicornio');
INSERT INTO Dim_Cliente VALUES (19, 'Industrias Chavarría y Gómez', 'Fintech', 'México', 'Corporativo');
INSERT INTO Dim_Cliente VALUES (20, 'Cabán y Paz S.C.', 'Fintech', 'México', 'Unicornio');
DELETE FROM Dim_Empleado;
INSERT INTO Dim_Empleado VALUES (1, 'Augusto Eugenia Curiel', 'Tech Lead', 'Senior', 'Scrum Master');
INSERT INTO Dim_Empleado VALUES (2, 'Elsa Bernardo Ceja de la Torre', 'Scrum Master', 'Lead', 'AWS Arch');
INSERT INTO Dim_Empleado VALUES (3, 'Rolando Carreón', 'Scrum Master', 'Mid', 'Ninguna');
INSERT INTO Dim_Empleado VALUES (4, 'Santiago Rico', 'Scrum Master', 'Senior', 'PMP');
INSERT INTO Dim_Empleado VALUES (5, 'Laura José Manuél Alemán Quintero', 'Project Manager', 'Lead', 'AWS Arch');
INSERT INTO Dim_Empleado VALUES (6, 'Sr(a). Irene Gil', 'Project Manager', 'Senior', 'Ninguna');
INSERT INTO Dim_Empleado VALUES (7, 'Josefina Diego Rocha Ozuna', 'Project Manager', 'Senior', 'Ninguna');
INSERT INTO Dim_Empleado VALUES (8, 'Salma Linares Preciado', 'Tech Lead', 'Mid', 'Scrum Master');
INSERT INTO Dim_Empleado VALUES (9, 'Fernando Haro Irizarry', 'Project Manager', 'Mid', 'Scrum Master');
INSERT INTO Dim_Empleado VALUES (10, 'Antonia Esteban Zamudio', 'Tech Lead', 'Lead', 'Scrum Master');
INSERT INTO Dim_Empleado VALUES (11, 'Indira Merino Ruiz', 'Tech Lead', 'Mid', 'PMP');
INSERT INTO Dim_Empleado VALUES (12, 'Raúl Aurelio Ulibarri Frías', 'Scrum Master', 'Senior', 'AWS Arch');
INSERT INTO Dim_Empleado VALUES (13, 'Nayeli García Viera', 'Tech Lead', 'Lead', 'Ninguna');
INSERT INTO Dim_Empleado VALUES (14, 'Bruno Iván Girón Montalvo', 'Tech Lead', 'Lead', 'AWS Arch');
INSERT INTO Dim_Empleado VALUES (15, 'Mitzy Barrios', 'Scrum Master', 'Lead', 'Scrum Master');
DELETE FROM Dim_Tiempo;
INSERT INTO Dim_Tiempo VALUES (202001, 2020, 1, 'January', 1);
INSERT INTO Dim_Tiempo VALUES (202002, 2020, 2, 'February', 1);
INSERT INTO Dim_Tiempo VALUES (202003, 2020, 3, 'March', 1);
INSERT INTO Dim_Tiempo VALUES (202004, 2020, 4, 'April', 2);
INSERT INTO Dim_Tiempo VALUES (202005, 2020, 5, 'May', 2);
INSERT INTO Dim_Tiempo VALUES (202006, 2020, 6, 'June', 2);
INSERT INTO Dim_Tiempo VALUES (202007, 2020, 7, 'July', 3);
INSERT INTO Dim_Tiempo VALUES (202008, 2020, 8, 'August', 3);
INSERT INTO Dim_Tiempo VALUES (202009, 2020, 9, 'September', 3);
INSERT INTO Dim_Tiempo VALUES (202010, 2020, 10, 'October', 4);
INSERT INTO Dim_Tiempo VALUES (202011, 2020, 11, 'November', 4);
INSERT INTO Dim_Tiempo VALUES (202012, 2020, 12, 'December', 4);
INSERT INTO Dim_Tiempo VALUES (202101, 2021, 1, 'January', 1);
INSERT INTO Dim_Tiempo VALUES (202102, 2021, 2, 'February', 1);
INSERT INTO Dim_Tiempo VALUES (202103, 2021, 3, 'March', 1);
INSERT INTO Dim_Tiempo VALUES (202104, 2021, 4, 'April', 2);
INSERT INTO Dim_Tiempo VALUES (202105, 2021, 5, 'May', 2);
INSERT INTO Dim_Tiempo VALUES (202106, 2021, 6, 'June', 2);
INSERT INTO Dim_Tiempo VALUES (202107, 2021, 7, 'July', 3);
INSERT INTO Dim_Tiempo VALUES (202108, 2021, 8, 'August', 3);
INSERT INTO Dim_Tiempo VALUES (202109, 2021, 9, 'September', 3);
INSERT INTO Dim_Tiempo VALUES (202110, 2021, 10, 'October', 4);
INSERT INTO Dim_Tiempo VALUES (202111, 2021, 11, 'November', 4);
INSERT INTO Dim_Tiempo VALUES (202112, 2021, 12, 'December', 4);
INSERT INTO Dim_Tiempo VALUES (202201, 2022, 1, 'January', 1);
INSERT INTO Dim_Tiempo VALUES (202202, 2022, 2, 'February', 1);
INSERT INTO Dim_Tiempo VALUES (202203, 2022, 3, 'March', 1);
INSERT INTO Dim_Tiempo VALUES (202204, 2022, 4, 'April', 2);
INSERT INTO Dim_Tiempo VALUES (202205, 2022, 5, 'May', 2);
INSERT INTO Dim_Tiempo VALUES (202206, 2022, 6, 'June', 2);
INSERT INTO Dim_Tiempo VALUES (202207, 2022, 7, 'July', 3);
INSERT INTO Dim_Tiempo VALUES (202208, 2022, 8, 'August', 3);
INSERT INTO Dim_Tiempo VALUES (202209, 2022, 9, 'September', 3);
INSERT INTO Dim_Tiempo VALUES (202210, 2022, 10, 'October', 4);
INSERT INTO Dim_Tiempo VALUES (202211, 2022, 11, 'November', 4);
INSERT INTO Dim_Tiempo VALUES (202212, 2022, 12, 'December', 4);
INSERT INTO Dim_Tiempo VALUES (202301, 2023, 1, 'January', 1);
INSERT INTO Dim_Tiempo VALUES (202302, 2023, 2, 'February', 1);
INSERT INTO Dim_Tiempo VALUES (202303, 2023, 3, 'March', 1);
INSERT INTO Dim_Tiempo VALUES (202304, 2023, 4, 'April', 2);
INSERT INTO Dim_Tiempo VALUES (202305, 2023, 5, 'May', 2);
INSERT INTO Dim_Tiempo VALUES (202306, 2023, 6, 'June', 2);
INSERT INTO Dim_Tiempo VALUES (202307, 2023, 7, 'July', 3);
INSERT INTO Dim_Tiempo VALUES (202308, 2023, 8, 'August', 3);
INSERT INTO Dim_Tiempo VALUES (202309, 2023, 9, 'September', 3);
INSERT INTO Dim_Tiempo VALUES (202310, 2023, 10, 'October', 4);
INSERT INTO Dim_Tiempo VALUES (202311, 2023, 11, 'November', 4);
INSERT INTO Dim_Tiempo VALUES (202312, 2023, 12, 'December', 4);
INSERT INTO Dim_Tiempo VALUES (202401, 2024, 1, 'January', 1);
INSERT INTO Dim_Tiempo VALUES (202402, 2024, 2, 'February', 1);
INSERT INTO Dim_Tiempo VALUES (202403, 2024, 3, 'March', 1);
INSERT INTO Dim_Tiempo VALUES (202404, 2024, 4, 'April', 2);
INSERT INTO Dim_Tiempo VALUES (202405, 2024, 5, 'May', 2);
INSERT INTO Dim_Tiempo VALUES (202406, 2024, 6, 'June', 2);
INSERT INTO Dim_Tiempo VALUES (202407, 2024, 7, 'July', 3);
INSERT INTO Dim_Tiempo VALUES (202408, 2024, 8, 'August', 3);
INSERT INTO Dim_Tiempo VALUES (202409, 2024, 9, 'September', 3);
INSERT INTO Dim_Tiempo VALUES (202410, 2024, 10, 'October', 4);
INSERT INTO Dim_Tiempo VALUES (202411, 2024, 11, 'November', 4);
INSERT INTO Dim_Tiempo VALUES (202412, 2024, 12, 'December', 4);

-- Poblado de Hechos --
INSERT INTO Fact_Proyectos_Metricas VALUES (202007, 16, 1, 10, 4, 90527.65, 18530.29, 0, -100.0, 181, 71, -110, 17, 1, 66, 0);
INSERT INTO Fact_Proyectos_Metricas VALUES (202107, 20, 6, 4, 3, 975010.89, 868313.8, 1423146.26, 63.9, 1950, 1737, -213, 21, 3, 58, 10);
INSERT INTO Fact_Proyectos_Metricas VALUES (202102, 11, 2, 11, 4, 546471.9, 150286.81, 0, -100.0, 1092, 312, -780, 32, 2, 36, 0);
INSERT INTO Fact_Proyectos_Metricas VALUES (202011, 18, 2, 9, 3, 530022.5, 455182.0, 741917.29, 62.99, 1060, 953, -107, 34, 2, 32, 9);
INSERT INTO Fact_Proyectos_Metricas VALUES (202307, 7, 4, 7, 1, 1261738.29, 978120.51, 1860143.83, 90.18, 2523, 2456, -67, 27, 1, 46, 9);
INSERT INTO Fact_Proyectos_Metricas VALUES (202203, 13, 2, 4, 6, 75333.94, 90561.14, 75333.94, -16.81, 150, 176, 26, 58, 9, 0, 6);
INSERT INTO Fact_Proyectos_Metricas VALUES (202102, 9, 3, 9, 4, 1280316.72, 175380.18, 0, -100.0, 2560, 539, -2021, 60, 6, 0, 0);
INSERT INTO Fact_Proyectos_Metricas VALUES (202203, 8, 4, 9, 2, 915493.86, 1188686.35, 915493.86, -22.98, 1830, 2015, 185, 52, 3, 0, 4);
INSERT INTO Fact_Proyectos_Metricas VALUES (202112, 3, 1, 13, 4, 127731.07, 39562.02, 0, -100.0, 255, 85, -170, 7, 0, 86, 0);
INSERT INTO Fact_Proyectos_Metricas VALUES (202110, 16, 2, 11, 3, 113964.51, 105025.21, 155438.56, 48.0, 227, 194, -33, 34, 2, 32, 9);
INSERT INTO Fact_Proyectos_Metricas VALUES (202306, 16, 1, 12, 3, 121242.55, 99736.97, 153743.16, 54.15, 242, 201, -41, 25, 1, 50, 10);
INSERT INTO Fact_Proyectos_Metricas VALUES (202201, 11, 2, 9, 2, 648942.34, 756035.68, 648942.34, -14.17, 1297, 1620, 323, 60, 4, 0, 3);
INSERT INTO Fact_Proyectos_Metricas VALUES (202312, 9, 3, 6, 4, 812616.98, 257500.79, 0, -100.0, 1625, 469, -1156, 19, 1, 62, 0);
INSERT INTO Fact_Proyectos_Metricas VALUES (202407, 6, 1, 1, 2, 95874.2, 126138.03, 95874.2, -23.99, 191, 244, 53, 25, 1, 50, 4);
INSERT INTO Fact_Proyectos_Metricas VALUES (202308, 13, 6, 9, 4, 142621.96, 35600.46, 0, -100.0, 285, 110, -175, 25, 1, 50, 0);
INSERT INTO Fact_Proyectos_Metricas VALUES (202005, 1, 6, 6, 1, 939006.53, 701798.49, 1328941.39, 89.36, 1878, 1587, -291, 6, 1, 88, 9);
INSERT INTO Fact_Proyectos_Metricas VALUES (202403, 5, 3, 9, 4, 58292.21, 19804.12, 0, -100.0, 116, 23, -93, 60, 8, 0, 0);
INSERT INTO Fact_Proyectos_Metricas VALUES (202212, 3, 2, 14, 5, 48354.83, 14380.99, 0, -100.0, 96, 12, -84, 22, 3, 56, 0);
INSERT INTO Fact_Proyectos_Metricas VALUES (202008, 2, 5, 14, 3, 873255.0, 803614.11, 1083247.55, 34.8, 1746, 1519, -227, 18, 1, 64, 9);
INSERT INTO Fact_Proyectos_Metricas VALUES (202009, 11, 2, 4, 2, 691259.15, 797194.23, 691259.15, -13.29, 1382, 1775, 393, 50, 3, 0, 5);
INSERT INTO Fact_Proyectos_Metricas VALUES (202103, 16, 5, 8, 3, 73288.26, 64826.73, 96556.12, 48.94, 146, 141, -5, 28, 1, 44, 8);
INSERT INTO Fact_Proyectos_Metricas VALUES (202409, 16, 5, 3, 3, 96373.08, 74834.28, 117053.97, 56.42, 192, 165, -27, 15, 1, 70, 10);
INSERT INTO Fact_Proyectos_Metricas VALUES (202204, 1, 5, 3, 5, 1465278.76, 245940.12, 0, -100.0, 2930, 849, -2081, 57, 8, 0, 0);
INSERT INTO Fact_Proyectos_Metricas VALUES (202207, 3, 3, 14, 4, 63120.93, 18923.89, 0, -100.0, 126, 26, -100, 50, 9, 0, 0);
INSERT INTO Fact_Proyectos_Metricas VALUES (202011, 1, 4, 6, 5, 921180.76, 223945.71, 0, -100.0, 1842, 442, -1400, 36, 4, 28, 0);
INSERT INTO Fact_Proyectos_Metricas VALUES (202107, 4, 6, 3, 5, 1329770.58, 255041.3, 0, -100.0, 2659, 896, -1763, 6, 0, 88, 0);
INSERT INTO Fact_Proyectos_Metricas VALUES (202410, 17, 3, 5, 5, 734494.81, 177908.97, 0, -100.0, 1468, 564, -904, 45, 3, 10, 0);
INSERT INTO Fact_Proyectos_Metricas VALUES (202305, 5, 5, 11, 6, 80988.45, 92564.24, 80988.45, -12.51, 161, 194, 33, 9, 1, 82, 1);
INSERT INTO Fact_Proyectos_Metricas VALUES (202003, 17, 6, 7, 3, 625432.47, 451506.76, 933238.12, 106.69, 1250, 1245, -5, 9, 0, 82, 10);
INSERT INTO Fact_Proyectos_Metricas VALUES (202006, 17, 1, 5, 2, 765465.68, 1126967.87, 765465.68, -32.08, 1530, 1959, 429, 12, 1, 76, 2);
INSERT INTO Fact_Proyectos_Metricas VALUES (202108, 15, 2, 1, 4, 1206243.08, 387016.7, 0, -100.0, 2412, 605, -1807, 7, 1, 86, 0);
INSERT INTO Fact_Proyectos_Metricas VALUES (202409, 11, 3, 3, 1, 926016.97, 823076.22, 1333195.66, 61.98, 1852, 1595, -257, 56, 10, 0, 8);
INSERT INTO Fact_Proyectos_Metricas VALUES (202004, 2, 6, 13, 4, 668139.49, 201754.21, 0, -100.0, 1336, 320, -1016, 12, 0, 76, 0);
INSERT INTO Fact_Proyectos_Metricas VALUES (202003, 19, 4, 12, 5, 516073.95, 148155.95, 0, -100.0, 1032, 327, -705, 12, 1, 76, 0);
INSERT INTO Fact_Proyectos_Metricas VALUES (202302, 8, 3, 15, 5, 1409685.45, 407550.78, 0, -100.0, 2819, 895, -1924, 18, 3, 64, 0);
INSERT INTO Fact_Proyectos_Metricas VALUES (202402, 20, 2, 13, 2, 1170093.83, 1306871.86, 1170093.83, -10.47, 2340, 2777, 437, 19, 2, 62, 2);
INSERT INTO Fact_Proyectos_Metricas VALUES (202403, 19, 3, 8, 5, 744806.94, 243157.66, 0, -100.0, 1489, 323, -1166, 33, 3, 34, 0);
INSERT INTO Fact_Proyectos_Metricas VALUES (202209, 11, 3, 8, 2, 583405.53, 745526.6, 583405.53, -21.75, 1166, 1492, 326, 52, 9, 0, 4);
INSERT INTO Fact_Proyectos_Metricas VALUES (202410, 5, 6, 1, 4, 118050.34, 34567.74, 0, -100.0, 236, 45, -191, 40, 7, 20, 0);
INSERT INTO Fact_Proyectos_Metricas VALUES (202005, 10, 5, 15, 6, 477421.56, 624270.8, 477421.56, -23.52, 954, 1278, 324, 39, 6, 22, 1);
INSERT INTO Fact_Proyectos_Metricas VALUES (202203, 20, 3, 14, 3, 936415.54, 829064.78, 1361910.11, 64.27, 1872, 1672, -200, 19, 1, 62, 8);
INSERT INTO Fact_Proyectos_Metricas VALUES (202205, 9, 1, 5, 5, 601315.31, 88783.22, 0, -100.0, 1202, 429, -773, 22, 4, 56, 0);
INSERT INTO Fact_Proyectos_Metricas VALUES (202009, 13, 3, 9, 2, 49292.3, 54890.11, 49292.3, -10.2, 98, 131, 33, 28, 4, 44, 5);
INSERT INTO Fact_Proyectos_Metricas VALUES (202203, 11, 5, 2, 6, 1374258.34, 1540735.1, 1374258.34, -10.81, 2748, 3411, 663, 52, 6, 0, 4);
INSERT INTO Fact_Proyectos_Metricas VALUES (202412, 6, 2, 5, 1, 112992.75, 95444.48, 141699.46, 48.46, 225, 197, -28, 42, 3, 16, 10);
INSERT INTO Fact_Proyectos_Metricas VALUES (202011, 13, 2, 12, 2, 40538.5, 58302.22, 40538.5, -30.47, 81, 111, 30, 21, 2, 58, 1);
INSERT INTO Fact_Proyectos_Metricas VALUES (202304, 16, 5, 5, 3, 133464.91, 108036.04, 162752.65, 50.65, 266, 258, -8, 30, 2, 40, 7);
INSERT INTO Fact_Proyectos_Metricas VALUES (202406, 7, 5, 7, 3, 595118.41, 539239.39, 856646.11, 58.86, 1190, 1148, -42, 18, 1, 64, 10);
INSERT INTO Fact_Proyectos_Metricas VALUES (202110, 4, 2, 8, 4, 1062455.79, 329603.9, 0, -100.0, 2124, 533, -1591, 58, 10, 0, 0);
INSERT INTO Fact_Proyectos_Metricas VALUES (202005, 17, 5, 10, 4, 1490576.0, 530136.49, 0, -100.0, 2981, 458, -2523, 38, 4, 24, 0);
INSERT INTO Fact_Proyectos_Metricas VALUES (202104, 11, 5, 13, 6, 941809.03, 1293407.79, 941809.03, -27.18, 1883, 2297, 414, 49, 5, 2, 4);
INSERT INTO Fact_Proyectos_Metricas VALUES (202410, 2, 3, 14, 6, 1288383.17, 1780686.09, 1288383.17, -27.65, 2576, 3339, 763, 50, 5, 0, 3);
INSERT INTO Fact_Proyectos_Metricas VALUES (202201, 14, 6, 9, 1, 44494.89, 33531.98, 53657.07, 60.02, 88, 75, -13, 40, 5, 20, 9);
INSERT INTO Fact_Proyectos_Metricas VALUES (202205, 5, 6, 11, 2, 97212.99, 128193.83, 97212.99, -24.17, 194, 229, 35, 10, 1, 80, 3);
INSERT INTO Fact_Proyectos_Metricas VALUES (202011, 3, 6, 4, 6, 135414.12, 176955.05, 135414.12, -23.48, 270, 333, 63, 58, 5, 0, 4);
INSERT INTO Fact_Proyectos_Metricas VALUES (202002, 9, 3, 15, 1, 1106600.11, 822724.11, 1446197.62, 75.78, 2213, 2016, -197, 18, 0, 64, 7);
INSERT INTO Fact_Proyectos_Metricas VALUES (202012, 12, 5, 7, 4, 1421349.38, 484397.71, 0, -100.0, 2842, 534, -2308, 8, 1, 84, 0);
INSERT INTO Fact_Proyectos_Metricas VALUES (202412, 18, 3, 12, 5, 578877.24, 125303.67, 0, -100.0, 1157, 392, -765, 21, 1, 58, 0);
INSERT INTO Fact_Proyectos_Metricas VALUES (202207, 10, 2, 3, 2, 1080740.85, 1538510.84, 1080740.85, -29.75, 2161, 2398, 237, 24, 3, 52, 1);
INSERT INTO Fact_Proyectos_Metricas VALUES (202404, 9, 2, 2, 5, 1104866.18, 331047.41, 0, -100.0, 2209, 854, -1355, 8, 1, 84, 0);
INSERT INTO Fact_Proyectos_Metricas VALUES (202210, 10, 2, 7, 2, 1066428.83, 1598002.39, 1066428.83, -33.26, 2132, 2962, 830, 56, 6, 0, 5);
INSERT INTO Fact_Proyectos_Metricas VALUES (202105, 12, 4, 12, 2, 1256118.1, 1630345.65, 1256118.1, -22.95, 2512, 3185, 673, 7, 1, 86, 2);
INSERT INTO Fact_Proyectos_Metricas VALUES (202108, 7, 5, 12, 5, 641524.19, 231651.18, 0, -100.0, 1283, 384, -899, 43, 7, 14, 0);
INSERT INTO Fact_Proyectos_Metricas VALUES (202110, 16, 1, 3, 6, 125411.1, 164121.38, 125411.1, -23.59, 250, 327, 77, 21, 1, 58, 5);
INSERT INTO Fact_Proyectos_Metricas VALUES (202012, 1, 3, 15, 6, 1402994.24, 1714957.36, 1402994.24, -18.19, 2805, 3154, 349, 22, 1, 56, 1);
INSERT INTO Fact_Proyectos_Metricas VALUES (202103, 17, 6, 14, 1, 908289.51, 692836.37, 1243354.45, 79.46, 1816, 1772, -44, 31, 6, 38, 8);
INSERT INTO Fact_Proyectos_Metricas VALUES (202011, 19, 2, 5, 1, 1193556.4, 994170.06, 1720920.76, 73.1, 2387, 1996, -391, 55, 5, 0, 9);
INSERT INTO Fact_Proyectos_Metricas VALUES (202402, 16, 1, 13, 3, 103505.61, 94255.38, 152510.17, 61.81, 207, 202, -5, 15, 2, 70, 9);
INSERT INTO Fact_Proyectos_Metricas VALUES (202408, 15, 1, 15, 4, 666335.78, 217455.86, 0, -100.0, 1332, 491, -841, 10, 0, 80, 0);
INSERT INTO Fact_Proyectos_Metricas VALUES (202102, 9, 2, 12, 3, 696321.59, 622086.22, 944632.51, 51.85, 1392, 1134, -258, 9, 1, 82, 10);
INSERT INTO Fact_Proyectos_Metricas VALUES (202211, 19, 2, 13, 6, 1071705.67, 1190509.29, 1071705.67, -9.98, 2143, 2971, 828, 43, 2, 14, 4);
INSERT INTO Fact_Proyectos_Metricas VALUES (202307, 18, 4, 12, 1, 1185816.35, 901648.05, 1667953.57, 84.99, 2371, 1916, -455, 60, 9, 0, 10);
INSERT INTO Fact_Proyectos_Metricas VALUES (202105, 20, 6, 1, 1, 528159.65, 468665.5, 788378.47, 68.22, 1056, 866, -190, 8, 0, 84, 10);
INSERT INTO Fact_Proyectos_Metricas VALUES (202204, 8, 4, 12, 6, 483656.37, 575105.48, 483656.37, -15.9, 967, 1127, 160, 40, 6, 20, 4);
INSERT INTO Fact_Proyectos_Metricas VALUES (202307, 15, 1, 7, 1, 562643.84, 435083.53, 799058.48, 83.66, 1125, 1028, -97, 23, 2, 54, 9);
INSERT INTO Fact_Proyectos_Metricas VALUES (202312, 19, 3, 9, 6, 1046444.68, 1297409.91, 1046444.68, -19.34, 2092, 2807, 715, 36, 4, 28, 4);
INSERT INTO Fact_Proyectos_Metricas VALUES (202004, 7, 4, 15, 1, 525542.0, 464107.87, 727063.29, 56.66, 1051, 993, -58, 52, 7, 0, 9);
INSERT INTO Fact_Proyectos_Metricas VALUES (202108, 15, 6, 7, 4, 1228731.85, 303774.26, 0, -100.0, 2457, 897, -1560, 36, 3, 28, 0);
INSERT INTO Fact_Proyectos_Metricas VALUES (202305, 8, 2, 11, 4, 725159.49, 188579.96, 0, -100.0, 1450, 473, -977, 21, 1, 58, 0);
INSERT INTO Fact_Proyectos_Metricas VALUES (202009, 13, 2, 14, 5, 90003.59, 31467.49, 0, -100.0, 180, 63, -117, 45, 3, 10, 0);
INSERT INTO Fact_Proyectos_Metricas VALUES (202205, 7, 5, 9, 3, 1484661.56, 1332678.26, 1993297.72, 49.57, 2969, 2500, -469, 19, 2, 62, 8);
INSERT INTO Fact_Proyectos_Metricas VALUES (202004, 2, 2, 14, 4, 1222686.53, 322929.95, 0, -100.0, 2445, 509, -1936, 43, 5, 14, 0);
INSERT INTO Fact_Proyectos_Metricas VALUES (202410, 8, 1, 14, 2, 939738.24, 1123973.08, 939738.24, -16.39, 1879, 2256, 377, 18, 3, 64, 3);
INSERT INTO Fact_Proyectos_Metricas VALUES (202307, 12, 6, 8, 5, 1415497.94, 307154.69, 0, -100.0, 2830, 957, -1873, 51, 9, 0, 0);
INSERT INTO Fact_Proyectos_Metricas VALUES (202107, 2, 4, 2, 4, 1068139.99, 227381.74, 0, -100.0, 2136, 673, -1463, 34, 5, 32, 0);
INSERT INTO Fact_Proyectos_Metricas VALUES (202403, 10, 5, 6, 6, 616221.99, 712211.11, 616221.99, -13.48, 1232, 1635, 403, 51, 3, 0, 4);
INSERT INTO Fact_Proyectos_Metricas VALUES (202311, 5, 2, 9, 4, 95349.83, 15385.6, 0, -100.0, 190, 50, -140, 7, 0, 86, 0);
INSERT INTO Fact_Proyectos_Metricas VALUES (202208, 13, 3, 1, 5, 88795.32, 12532.99, 0, -100.0, 177, 28, -149, 51, 6, 0, 0);
INSERT INTO Fact_Proyectos_Metricas VALUES (202302, 8, 6, 7, 1, 1373983.38, 992457.56, 2021610.91, 103.7, 2747, 2603, -144, 20, 3, 60, 8);
INSERT INTO Fact_Proyectos_Metricas VALUES (202211, 9, 2, 7, 5, 438540.08, 99348.95, 0, -100.0, 877, 229, -648, 9, 1, 82, 0);
INSERT INTO Fact_Proyectos_Metricas VALUES (202002, 13, 3, 2, 5, 91023.56, 19593.45, 0, -100.0, 182, 62, -120, 49, 7, 2, 0);
INSERT INTO Fact_Proyectos_Metricas VALUES (202210, 15, 5, 7, 2, 874757.48, 1225743.03, 874757.48, -28.63, 1749, 2249, 500, 60, 7, 0, 6);
INSERT INTO Fact_Proyectos_Metricas VALUES (202204, 18, 5, 8, 1, 411104.65, 376100.47, 525933.02, 39.84, 822, 765, -57, 54, 6, 0, 7);
INSERT INTO Fact_Proyectos_Metricas VALUES (202402, 3, 2, 7, 3, 75191.49, 66617.22, 97939.76, 47.02, 150, 127, -23, 33, 4, 34, 7);
INSERT INTO Fact_Proyectos_Metricas VALUES (202102, 8, 4, 9, 1, 1220551.33, 1027918.05, 1806835.83, 75.78, 2441, 2257, -184, 45, 4, 10, 7);
INSERT INTO Fact_Proyectos_Metricas VALUES (202402, 5, 1, 8, 1, 41573.73, 37253.64, 54997.29, 47.63, 83, 78, -5, 15, 0, 70, 7);
INSERT INTO Fact_Proyectos_Metricas VALUES (202101, 3, 5, 15, 2, 119823.77, 150424.85, 119823.77, -20.34, 239, 304, 65, 36, 3, 28, 5);
INSERT INTO Fact_Proyectos_Metricas VALUES (202208, 12, 4, 2, 6, 815001.68, 1024172.19, 815001.68, -20.42, 1630, 1956, 326, 6, 0, 88, 6);
INSERT INTO Fact_Proyectos_Metricas VALUES (202203, 17, 5, 3, 2, 953029.3, 1133606.61, 953029.3, -15.93, 1906, 2659, 753, 38, 2, 24, 4);
INSERT INTO Fact_Proyectos_Metricas VALUES (202009, 5, 5, 14, 1, 49683.9, 46701.27, 64635.4, 38.4, 99, 79, -20, 7, 0, 86, 8);
INSERT INTO Fact_Proyectos_Metricas VALUES (202007, 2, 6, 6, 2, 566796.84, 823094.64, 566796.84, -31.14, 1133, 1410, 277, 10, 1, 80, 6);
INSERT INTO Fact_Proyectos_Metricas VALUES (202202, 17, 3, 1, 2, 605259.31, 843015.12, 605259.31, -28.2, 1210, 1441, 231, 24, 4, 52, 3);
INSERT INTO Fact_Proyectos_Metricas VALUES (202406, 4, 3, 2, 6, 1227808.02, 1480658.84, 1227808.02, -17.08, 2455, 2905, 450, 19, 1, 62, 5);
INSERT INTO Fact_Proyectos_Metricas VALUES (202107, 6, 4, 11, 3, 125439.6, 104834.08, 182294.39, 73.89, 250, 239, -11, 54, 10, 0, 8);
INSERT INTO Fact_Proyectos_Metricas VALUES (202209, 6, 5, 10, 2, 84450.29, 121373.08, 84450.29, -30.42, 168, 230, 62, 34, 3, 32, 4);
INSERT INTO Fact_Proyectos_Metricas VALUES (202412, 12, 6, 7, 4, 746583.33, 266149.9, 0, -100.0, 1493, 479, -1014, 13, 2, 74, 0);
INSERT INTO Fact_Proyectos_Metricas VALUES (202005, 1, 6, 3, 3, 1200897.61, 1125765.18, 1522673.62, 35.26, 2401, 2219, -182, 14, 2, 72, 8);
INSERT INTO Fact_Proyectos_Metricas VALUES (202112, 8, 5, 15, 1, 1300863.59, 963158.5, 1774896.15, 84.28, 2601, 2496, -105, 50, 8, 0, 10);
INSERT INTO Fact_Proyectos_Metricas VALUES (202403, 10, 5, 12, 1, 1311454.74, 955038.23, 1694547.02, 77.43, 2622, 2314, -308, 18, 1, 64, 9);
INSERT INTO Fact_Proyectos_Metricas VALUES (202006, 19, 1, 4, 3, 550205.11, 490025.34, 814678.1, 66.25, 1100, 926, -174, 7, 1, 86, 8);
INSERT INTO Fact_Proyectos_Metricas VALUES (202403, 11, 4, 15, 3, 1108465.81, 898065.26, 1517523.94, 68.98, 2216, 2137, -79, 49, 7, 2, 8);
INSERT INTO Fact_Proyectos_Metricas VALUES (202001, 2, 3, 13, 3, 419141.38, 333673.09, 513851.6, 54.0, 838, 721, -117, 10, 1, 80, 7);
INSERT INTO Fact_Proyectos_Metricas VALUES (202008, 19, 2, 13, 5, 1184943.95, 321478.32, 0, -100.0, 2369, 359, -2010, 12, 1, 76, 0);
INSERT INTO Fact_Proyectos_Metricas VALUES (202209, 2, 5, 6, 3, 542215.07, 432916.86, 690659.69, 59.54, 1084, 1041, -43, 31, 2, 38, 8);
INSERT INTO Fact_Proyectos_Metricas VALUES (202108, 4, 6, 12, 3, 1334867.03, 1083605.7, 1679673.62, 55.01, 2669, 2609, -60, 26, 4, 48, 7);
INSERT INTO Fact_Proyectos_Metricas VALUES (202004, 10, 1, 7, 5, 889325.92, 140071.45, 0, -100.0, 1778, 693, -1085, 18, 3, 64, 0);
INSERT INTO Fact_Proyectos_Metricas VALUES (202408, 1, 2, 13, 2, 1276050.71, 1728201.27, 1276050.71, -26.16, 2552, 2998, 446, 19, 1, 62, 3);
INSERT INTO Fact_Proyectos_Metricas VALUES (202307, 14, 5, 4, 4, 69162.72, 22763.22, 0, -100.0, 138, 14, -124, 46, 7, 8, 0);
INSERT INTO Fact_Proyectos_Metricas VALUES (202310, 8, 3, 6, 5, 912105.84, 186817.84, 0, -100.0, 1824, 442, -1382, 46, 8, 8, 0);
INSERT INTO Fact_Proyectos_Metricas VALUES (202202, 3, 4, 1, 3, 113271.62, 103810.95, 142410.33, 37.18, 226, 200, -26, 45, 7, 10, 10);
INSERT INTO Fact_Proyectos_Metricas VALUES (202109, 18, 5, 3, 2, 987812.77, 1214950.81, 987812.77, -18.7, 1975, 2762, 787, 32, 1, 36, 5);
INSERT INTO Fact_Proyectos_Metricas VALUES (202007, 13, 4, 5, 6, 60461.73, 78415.56, 60461.73, -22.9, 120, 138, 18, 22, 1, 56, 4);
INSERT INTO Fact_Proyectos_Metricas VALUES (202002, 9, 4, 5, 3, 1375297.7, 1282563.86, 1864411.32, 45.37, 2750, 2526, -224, 58, 6, 0, 9);
INSERT INTO Fact_Proyectos_Metricas VALUES (202009, 20, 5, 12, 6, 594848.39, 759624.87, 594848.39, -21.69, 1189, 1539, 350, 27, 2, 46, 6);
INSERT INTO Fact_Proyectos_Metricas VALUES (202102, 13, 6, 13, 3, 120220.7, 92823.8, 152706.13, 64.51, 240, 223, -17, 48, 5, 4, 7);
INSERT INTO Fact_Proyectos_Metricas VALUES (202309, 12, 1, 2, 2, 474698.08, 699143.41, 474698.08, -32.1, 949, 1157, 208, 5, 0, 90, 5);
INSERT INTO Fact_Proyectos_Metricas VALUES (202105, 17, 4, 13, 3, 715372.23, 516662.75, 963193.12, 86.43, 1430, 1267, -163, 60, 10, 0, 9);
INSERT INTO Fact_Proyectos_Metricas VALUES (202205, 11, 6, 4, 1, 1319106.74, 1198464.51, 1871856.78, 56.19, 2638, 2130, -508, 25, 1, 50, 9);
INSERT INTO Fact_Proyectos_Metricas VALUES (202004, 3, 5, 11, 1, 74887.7, 52723.35, 91846.64, 74.2, 149, 124, -25, 58, 6, 0, 10);
INSERT INTO Fact_Proyectos_Metricas VALUES (202311, 8, 3, 2, 1, 1479559.6, 1254328.72, 1805820.4, 43.97, 2959, 2398, -561, 27, 4, 46, 9);
INSERT INTO Fact_Proyectos_Metricas VALUES (202304, 12, 1, 1, 6, 1015386.85, 1216166.67, 1015386.85, -16.51, 2030, 2725, 695, 5, 0, 90, 2);
INSERT INTO Fact_Proyectos_Metricas VALUES (202207, 3, 3, 7, 4, 83227.44, 28036.82, 0, -100.0, 166, 19, -147, 55, 10, 0, 0);
INSERT INTO Fact_Proyectos_Metricas VALUES (202001, 12, 4, 12, 5, 985860.86, 299684.32, 0, -100.0, 1971, 779, -1192, 31, 4, 38, 0);
INSERT INTO Fact_Proyectos_Metricas VALUES (202109, 11, 1, 6, 6, 1110524.3, 1468049.05, 1110524.3, -24.35, 2221, 2478, 257, 16, 2, 68, 3);
INSERT INTO Fact_Proyectos_Metricas VALUES (202102, 7, 5, 7, 4, 1046217.71, 284538.59, 0, -100.0, 2092, 243, -1849, 46, 7, 8, 0);
INSERT INTO Fact_Proyectos_Metricas VALUES (202203, 3, 4, 9, 6, 147982.05, 202461.12, 147982.05, -26.91, 295, 407, 112, 48, 2, 4, 5);
INSERT INTO Fact_Proyectos_Metricas VALUES (202012, 10, 3, 10, 3, 601873.68, 569739.9, 723297.8, 26.95, 1203, 1055, -148, 8, 0, 84, 10);
INSERT INTO Fact_Proyectos_Metricas VALUES (202005, 16, 3, 12, 6, 111517.9, 130550.21, 111517.9, -14.58, 223, 303, 80, 21, 3, 58, 3);
INSERT INTO Fact_Proyectos_Metricas VALUES (202007, 4, 3, 5, 1, 503574.2, 420107.4, 636791.11, 51.58, 1007, 959, -48, 30, 1, 40, 8);
INSERT INTO Fact_Proyectos_Metricas VALUES (202304, 17, 1, 10, 1, 620778.17, 582768.33, 877267.18, 50.53, 1241, 1057, -184, 9, 0, 82, 9);
INSERT INTO Fact_Proyectos_Metricas VALUES (202203, 2, 1, 8, 5, 1459114.01, 227434.79, 0, -100.0, 2918, 511, -2407, 24, 3, 52, 0);
INSERT INTO Fact_Proyectos_Metricas VALUES (202004, 8, 1, 11, 6, 930963.39, 1344036.23, 930963.39, -30.73, 1861, 2335, 474, 14, 1, 72, 1);
INSERT INTO Fact_Proyectos_Metricas VALUES (202211, 14, 1, 15, 6, 106706.48, 151980.62, 106706.48, -29.79, 213, 250, 37, 16, 1, 68, 2);
INSERT INTO Fact_Proyectos_Metricas VALUES (202205, 9, 6, 14, 4, 1099536.12, 431925.53, 0, -100.0, 2199, 672, -1527, 14, 1, 72, 0);
INSERT INTO Fact_Proyectos_Metricas VALUES (202409, 4, 5, 3, 1, 892089.59, 747851.24, 1261988.33, 68.75, 1784, 1626, -158, 6, 1, 88, 8);
INSERT INTO Fact_Proyectos_Metricas VALUES (202204, 8, 6, 6, 1, 961291.44, 803846.99, 1192148.18, 48.31, 1922, 1737, -185, 28, 5, 44, 10);
INSERT INTO Fact_Proyectos_Metricas VALUES (202101, 13, 2, 8, 4, 114029.52, 24747.61, 0, -100.0, 228, 45, -183, 19, 1, 62, 0);
INSERT INTO Fact_Proyectos_Metricas VALUES (202311, 19, 5, 12, 5, 793996.8, 152632.71, 0, -100.0, 1587, 561, -1026, 27, 4, 46, 0);
INSERT INTO Fact_Proyectos_Metricas VALUES (202404, 2, 5, 10, 4, 1325926.83, 256615.1, 0, -100.0, 2651, 723, -1928, 52, 10, 0, 0);
INSERT INTO Fact_Proyectos_Metricas VALUES (202206, 12, 5, 13, 1, 1232820.31, 889263.35, 1643034.59, 84.76, 2465, 2181, -284, 31, 2, 38, 8);
INSERT INTO Fact_Proyectos_Metricas VALUES (202006, 7, 4, 10, 4, 456628.13, 100080.12, 0, -100.0, 913, 211, -702, 9, 0, 82, 0);
INSERT INTO Fact_Proyectos_Metricas VALUES (202302, 4, 2, 6, 4, 712602.54, 176432.44, 0, -100.0, 1425, 329, -1096, 52, 3, 0, 0);
INSERT INTO Fact_Proyectos_Metricas VALUES (202408, 11, 5, 11, 2, 580489.69, 720961.96, 580489.69, -19.48, 1160, 1594, 434, 32, 3, 36, 2);
INSERT INTO Fact_Proyectos_Metricas VALUES (202403, 8, 2, 2, 1, 610262.63, 564812.66, 840216.9, 48.76, 1220, 1050, -170, 33, 2, 34, 8);
INSERT INTO Fact_Proyectos_Metricas VALUES (202405, 9, 1, 6, 5, 634209.59, 241827.17, 0, -100.0, 1268, 350, -918, 19, 2, 62, 0);
INSERT INTO Fact_Proyectos_Metricas VALUES (202304, 10, 6, 2, 6, 1194928.48, 1356167.69, 1194928.48, -11.89, 2389, 3307, 918, 48, 7, 4, 1);
INSERT INTO Fact_Proyectos_Metricas VALUES (202112, 20, 1, 10, 6, 446759.19, 521656.18, 446759.19, -14.36, 893, 1065, 172, 25, 2, 50, 1);
INSERT INTO Fact_Proyectos_Metricas VALUES (202308, 2, 5, 7, 6, 715281.78, 914526.19, 715281.78, -21.79, 1430, 1900, 470, 42, 6, 16, 3);
INSERT INTO Fact_Proyectos_Metricas VALUES (202206, 13, 1, 13, 2, 60756.94, 72167.03, 60756.94, -15.81, 121, 164, 43, 11, 1, 78, 6);
INSERT INTO Fact_Proyectos_Metricas VALUES (202203, 13, 4, 14, 1, 77147.09, 73043.62, 103346.44, 41.49, 154, 135, -19, 33, 1, 34, 8);
INSERT INTO Fact_Proyectos_Metricas VALUES (202206, 2, 2, 6, 5, 1362024.43, 309126.25, 0, -100.0, 2724, 1012, -1712, 12, 0, 76, 0);
INSERT INTO Fact_Proyectos_Metricas VALUES (202108, 8, 6, 4, 1, 1191925.82, 1039217.26, 1454268.01, 39.94, 2383, 2113, -270, 45, 5, 10, 10);
INSERT INTO Fact_Proyectos_Metricas VALUES (202105, 8, 4, 14, 1, 684527.97, 491824.75, 970717.22, 97.37, 1369, 1293, -76, 20, 2, 60, 9);
INSERT INTO Fact_Proyectos_Metricas VALUES (202011, 20, 5, 14, 3, 438180.09, 409256.73, 541547.53, 32.32, 876, 794, -82, 34, 4, 32, 7);
INSERT INTO Fact_Proyectos_Metricas VALUES (202003, 19, 1, 13, 5, 770211.9, 216002.54, 0, -100.0, 1540, 255, -1285, 24, 3, 52, 0);
INSERT INTO Fact_Proyectos_Metricas VALUES (202311, 8, 6, 7, 1, 408165.48, 384393.54, 558814.96, 45.38, 816, 748, -68, 27, 1, 46, 10);
INSERT INTO Fact_Proyectos_Metricas VALUES (202211, 16, 4, 7, 4, 130553.88, 31368.17, 0, -100.0, 261, 51, -210, 15, 1, 70, 0);
INSERT INTO Fact_Proyectos_Metricas VALUES (202208, 7, 2, 1, 3, 1490034.94, 1107397.41, 2174478.1, 96.36, 2980, 2409, -571, 15, 1, 70, 10);
INSERT INTO Fact_Proyectos_Metricas VALUES (202311, 14, 3, 15, 1, 149967.13, 132817.36, 184267.36, 38.74, 299, 270, -29, 52, 8, 0, 10);
INSERT INTO Fact_Proyectos_Metricas VALUES (202012, 9, 3, 7, 1, 777217.45, 574385.25, 1092526.17, 90.21, 1554, 1481, -73, 27, 4, 46, 9);
INSERT INTO Fact_Proyectos_Metricas VALUES (202101, 15, 2, 12, 5, 1442248.73, 179356.02, 0, -100.0, 2884, 317, -2567, 33, 6, 34, 0);
INSERT INTO Fact_Proyectos_Metricas VALUES (202204, 20, 5, 14, 2, 1094501.44, 1271493.03, 1094501.44, -13.92, 2189, 2682, 493, 30, 3, 40, 1);
INSERT INTO Fact_Proyectos_Metricas VALUES (202409, 4, 1, 4, 6, 564315.48, 682646.16, 564315.48, -17.33, 1128, 1470, 342, 19, 2, 62, 3);
INSERT INTO Fact_Proyectos_Metricas VALUES (202308, 11, 4, 15, 3, 679987.7, 502668.08, 883646.92, 75.79, 1359, 1148, -211, 49, 4, 2, 10);
INSERT INTO Fact_Proyectos_Metricas VALUES (202410, 8, 5, 2, 6, 1388690.84, 1763587.4, 1388690.84, -21.26, 2777, 3666, 889, 19, 3, 62, 6);
INSERT INTO Fact_Proyectos_Metricas VALUES (202003, 4, 3, 8, 2, 514489.51, 575805.14, 514489.51, -10.65, 1028, 1343, 315, 38, 5, 24, 4);
INSERT INTO Fact_Proyectos_Metricas VALUES (202411, 17, 2, 11, 1, 1036233.59, 824013.98, 1323046.8, 60.56, 2072, 2017, -55, 16, 2, 68, 7);
INSERT INTO Fact_Proyectos_Metricas VALUES (202412, 1, 1, 15, 2, 902464.91, 1119440.61, 902464.91, -19.38, 1804, 2244, 440, 18, 2, 64, 6);
INSERT INTO Fact_Proyectos_Metricas VALUES (202405, 4, 1, 2, 2, 1214869.83, 1390483.04, 1214869.83, -12.63, 2429, 2971, 542, 6, 0, 88, 3);
INSERT INTO Fact_Proyectos_Metricas VALUES (202101, 19, 1, 4, 6, 1363932.39, 1715606.53, 1363932.39, -20.5, 2727, 3258, 531, 22, 1, 56, 6);
INSERT INTO Fact_Proyectos_Metricas VALUES (202406, 16, 4, 8, 6, 120700.81, 154606.73, 120700.81, -21.93, 241, 276, 35, 36, 6, 28, 3);
INSERT INTO Fact_Proyectos_Metricas VALUES (202003, 6, 2, 5, 4, 104156.96, 41575.49, 0, -100.0, 208, 63, -145, 33, 4, 34, 0);
INSERT INTO Fact_Proyectos_Metricas VALUES (202308, 12, 1, 4, 1, 1432718.76, 1210293.94, 1768722.78, 46.14, 2865, 2559, -306, 25, 2, 50, 7);
INSERT INTO Fact_Proyectos_Metricas VALUES (202002, 19, 4, 12, 3, 1146409.37, 906208.66, 1467074.6, 61.89, 2292, 2226, -66, 32, 3, 36, 7);
INSERT INTO Fact_Proyectos_Metricas VALUES (202303, 7, 3, 5, 2, 1358997.97, 1747842.57, 1358997.97, -22.25, 2717, 3373, 656, 13, 2, 74, 4);
INSERT INTO Fact_Proyectos_Metricas VALUES (202011, 13, 2, 15, 1, 123365.25, 94588.56, 177086.41, 87.22, 246, 224, -22, 51, 8, 0, 10);
INSERT INTO Fact_Proyectos_Metricas VALUES (202208, 19, 2, 14, 1, 1299330.64, 1075327.3, 1768500.41, 64.46, 2598, 2472, -126, 16, 2, 68, 10);
INSERT INTO Fact_Proyectos_Metricas VALUES (202211, 19, 6, 14, 4, 1457818.43, 490795.44, 0, -100.0, 2915, 968, -1947, 38, 7, 24, 0);
INSERT INTO Fact_Proyectos_Metricas VALUES (202407, 2, 2, 5, 1, 1417332.71, 1255596.55, 1717341.64, 36.77, 2834, 2571, -263, 54, 4, 0, 9);
INSERT INTO Fact_Proyectos_Metricas VALUES (202403, 7, 5, 1, 5, 1088699.19, 403962.26, 0, -100.0, 2177, 524, -1653, 25, 3, 50, 0);
INSERT INTO Fact_Proyectos_Metricas VALUES (202103, 17, 4, 5, 4, 1430621.03, 441392.49, 0, -100.0, 2861, 756, -2105, 33, 5, 34, 0);
INSERT INTO Fact_Proyectos_Metricas VALUES (202101, 18, 4, 1, 1, 1485086.41, 1229683.73, 1807007.03, 46.95, 2970, 2672, -298, 54, 6, 0, 10);
INSERT INTO Fact_Proyectos_Metricas VALUES (202002, 1, 5, 10, 6, 738936.42, 1058525.03, 738936.42, -30.19, 1477, 1883, 406, 54, 6, 0, 5);
INSERT INTO Fact_Proyectos_Metricas VALUES (202012, 10, 3, 13, 2, 467818.2, 617839.43, 467818.2, -24.28, 935, 1036, 101, 44, 7, 12, 4);
INSERT INTO Fact_Proyectos_Metricas VALUES (202006, 5, 2, 6, 3, 117912.46, 84590.25, 168694.81, 99.43, 235, 188, -47, 40, 7, 20, 8);
INSERT INTO Fact_Proyectos_Metricas VALUES (202109, 15, 6, 10, 2, 1051569.14, 1399154.0, 1051569.14, -24.84, 2103, 2933, 830, 58, 8, 0, 5);
INSERT INTO Fact_Proyectos_Metricas VALUES (202207, 17, 3, 5, 6, 1128837.82, 1364509.66, 1128837.82, -17.27, 2257, 2807, 550, 39, 5, 22, 5);
INSERT INTO Fact_Proyectos_Metricas VALUES (202408, 17, 1, 11, 3, 837031.36, 716431.36, 1033078.76, 44.2, 1674, 1566, -108, 24, 2, 52, 7);
INSERT INTO Fact_Proyectos_Metricas VALUES (202101, 14, 6, 5, 6, 98650.58, 133994.12, 98650.58, -26.38, 197, 244, 47, 16, 2, 68, 5);
INSERT INTO Fact_Proyectos_Metricas VALUES (202310, 1, 6, 15, 1, 1433375.43, 1006538.73, 1799099.15, 78.74, 2866, 2731, -135, 52, 4, 0, 10);
INSERT INTO Fact_Proyectos_Metricas VALUES (202305, 16, 1, 9, 4, 135243.59, 37062.34, 0, -100.0, 270, 83, -187, 18, 2, 64, 0);
INSERT INTO Fact_Proyectos_Metricas VALUES (202207, 13, 3, 1, 6, 82490.6, 113749.61, 82490.6, -27.48, 164, 216, 52, 36, 5, 28, 6);
INSERT INTO Fact_Proyectos_Metricas VALUES (202106, 1, 3, 7, 4, 799963.22, 242074.65, 0, -100.0, 1599, 556, -1043, 26, 4, 48, 0);
INSERT INTO Fact_Proyectos_Metricas VALUES (202306, 3, 4, 3, 1, 147425.17, 133045.74, 187891.35, 41.22, 294, 242, -52, 44, 5, 12, 9);
INSERT INTO Fact_Proyectos_Metricas VALUES (202407, 8, 4, 9, 3, 1097682.78, 990355.01, 1440606.62, 45.46, 2195, 2074, -121, 38, 3, 24, 8);
INSERT INTO Fact_Proyectos_Metricas VALUES (202404, 9, 5, 14, 1, 441555.74, 361981.12, 626361.67, 73.04, 883, 756, -127, 13, 2, 74, 7);
INSERT INTO Fact_Proyectos_Metricas VALUES (202110, 18, 6, 1, 5, 1384396.94, 198315.8, 0, -100.0, 2768, 1101, -1667, 45, 7, 10, 0);
INSERT INTO Fact_Proyectos_Metricas VALUES (202307, 8, 3, 11, 4, 691662.31, 74761.62, 0, -100.0, 1383, 200, -1183, 24, 2, 52, 0);
INSERT INTO Fact_Proyectos_Metricas VALUES (202010, 16, 3, 12, 5, 62985.5, 6741.95, 0, -100.0, 125, 41, -84, 50, 7, 0, 0);
INSERT INTO Fact_Proyectos_Metricas VALUES (202110, 11, 6, 4, 2, 1377926.78, 1566621.0, 1377926.78, -12.04, 2755, 3124, 369, 31, 4, 38, 3);
INSERT INTO Fact_Proyectos_Metricas VALUES (202301, 5, 2, 5, 5, 138451.51, 49783.27, 0, -100.0, 276, 54, -222, 19, 0, 62, 0);
INSERT INTO Fact_Proyectos_Metricas VALUES (202208, 12, 1, 10, 2, 646862.92, 915186.5, 646862.92, -29.32, 1293, 1444, 151, 14, 0, 72, 4);
INSERT INTO Fact_Proyectos_Metricas VALUES (202010, 5, 6, 4, 6, 149873.45, 223489.05, 149873.45, -32.94, 299, 358, 59, 6, 0, 88, 5);
INSERT INTO Fact_Proyectos_Metricas VALUES (202005, 10, 1, 6, 2, 533927.19, 724963.37, 533927.19, -26.35, 1067, 1414, 347, 18, 1, 64, 6);
INSERT INTO Fact_Proyectos_Metricas VALUES (202404, 10, 2, 14, 5, 550599.08, 212489.07, 0, -100.0, 1101, 133, -968, 9, 1, 82, 0);
INSERT INTO Fact_Proyectos_Metricas VALUES (202309, 19, 3, 4, 4, 456734.69, 167397.64, 0, -100.0, 913, 279, -634, 42, 8, 16, 0);
INSERT INTO Fact_Proyectos_Metricas VALUES (202403, 3, 1, 13, 1, 79908.11, 71596.44, 100229.34, 39.99, 159, 146, -13, 18, 2, 64, 9);
INSERT INTO Fact_Proyectos_Metricas VALUES (202109, 11, 6, 6, 5, 1127799.28, 147056.5, 0, -100.0, 2255, 588, -1667, 46, 4, 8, 0);
INSERT INTO Fact_Proyectos_Metricas VALUES (202007, 20, 5, 10, 2, 857648.68, 991612.62, 857648.68, -13.51, 1715, 2294, 579, 60, 8, 0, 2);
INSERT INTO Fact_Proyectos_Metricas VALUES (202411, 9, 5, 1, 2, 725112.15, 1042421.58, 725112.15, -30.44, 1450, 1865, 415, 14, 2, 72, 4);
INSERT INTO Fact_Proyectos_Metricas VALUES (202005, 3, 4, 14, 6, 77406.05, 116098.63, 77406.05, -33.33, 154, 214, 60, 40, 3, 20, 1);
INSERT INTO Fact_Proyectos_Metricas VALUES (202205, 4, 4, 1, 4, 825265.34, 275424.57, 0, -100.0, 1650, 634, -1016, 22, 1, 56, 0);
INSERT INTO Fact_Proyectos_Metricas VALUES (202106, 19, 4, 12, 6, 441900.48, 511057.47, 441900.48, -13.53, 883, 1133, 250, 13, 1, 74, 4);
INSERT INTO Fact_Proyectos_Metricas VALUES (202301, 15, 4, 9, 6, 1333159.54, 1691737.6, 1333159.54, -21.2, 2666, 3231, 565, 55, 7, 0, 3);
INSERT INTO Fact_Proyectos_Metricas VALUES (202110, 3, 1, 12, 5, 61492.35, 15721.4, 0, -100.0, 122, 22, -100, 2, 0, 96, 0);
INSERT INTO Fact_Proyectos_Metricas VALUES (202006, 6, 3, 12, 4, 89299.46, 11607.93, 0, -100.0, 178, 28, -150, 58, 10, 0, 0);
INSERT INTO Fact_Proyectos_Metricas VALUES (202204, 14, 1, 8, 3, 104803.23, 94546.77, 133565.48, 41.27, 209, 186, -23, 22, 1, 56, 10);
INSERT INTO Fact_Proyectos_Metricas VALUES (202307, 3, 6, 14, 2, 67766.1, 97410.48, 67766.1, -30.43, 135, 166, 31, 26, 4, 48, 3);
INSERT INTO Fact_Proyectos_Metricas VALUES (202206, 3, 3, 11, 6, 89870.49, 116181.53, 89870.49, -22.65, 179, 216, 37, 31, 2, 38, 3);
INSERT INTO Fact_Proyectos_Metricas VALUES (202101, 2, 3, 3, 4, 1034937.02, 328902.03, 0, -100.0, 2069, 249, -1820, 43, 5, 14, 0);
INSERT INTO Fact_Proyectos_Metricas VALUES (202305, 18, 2, 1, 4, 1387162.19, 537978.62, 0, -100.0, 2774, 396, -2378, 33, 5, 34, 0);
INSERT INTO Fact_Proyectos_Metricas VALUES (202005, 7, 6, 8, 5, 922962.29, 317675.55, 0, -100.0, 1845, 582, -1263, 42, 5, 16, 0);
INSERT INTO Fact_Proyectos_Metricas VALUES (202411, 2, 3, 7, 6, 1194183.69, 1508767.69, 1194183.69, -20.85, 2388, 2871, 483, 48, 8, 4, 1);
INSERT INTO Fact_Proyectos_Metricas VALUES (202109, 7, 6, 9, 3, 1463622.67, 1178588.8, 1900596.77, 61.26, 2927, 2485, -442, 50, 4, 0, 10);
INSERT INTO Fact_Proyectos_Metricas VALUES (202211, 2, 4, 12, 6, 1239450.79, 1786229.3, 1239450.79, -30.61, 2478, 3040, 562, 12, 0, 76, 3);
INSERT INTO Fact_Proyectos_Metricas VALUES (202212, 11, 5, 5, 4, 1313874.4, 354671.07, 0, -100.0, 2627, 591, -2036, 60, 7, 0, 0);
INSERT INTO Fact_Proyectos_Metricas VALUES (202405, 6, 4, 13, 1, 40776.21, 32358.75, 55479.13, 71.45, 81, 72, -9, 31, 4, 38, 8);
INSERT INTO Fact_Proyectos_Metricas VALUES (202209, 11, 3, 10, 1, 423551.68, 395742.86, 611480.87, 54.51, 847, 743, -104, 60, 7, 0, 8);
INSERT INTO Fact_Proyectos_Metricas VALUES (202209, 6, 6, 9, 5, 98830.85, 28335.68, 0, -100.0, 197, 20, -177, 14, 1, 72, 0);
INSERT INTO Fact_Proyectos_Metricas VALUES (202308, 17, 2, 9, 3, 1036702.92, 975599.32, 1446449.21, 48.26, 2073, 1790, -283, 31, 5, 38, 8);
INSERT INTO Fact_Proyectos_Metricas VALUES (202401, 16, 5, 7, 6, 63492.35, 70871.61, 63492.35, -10.41, 126, 151, 25, 21, 2, 58, 1);
INSERT INTO Fact_Proyectos_Metricas VALUES (202007, 6, 1, 14, 5, 47500.99, 8022.31, 0, -100.0, 95, 19, -76, 21, 2, 58, 0);
INSERT INTO Fact_Proyectos_Metricas VALUES (202205, 10, 2, 3, 2, 1077162.69, 1359465.9, 1077162.69, -20.77, 2154, 2805, 651, 39, 7, 22, 5);
INSERT INTO Fact_Proyectos_Metricas VALUES (202411, 20, 4, 7, 2, 1119588.99, 1419819.72, 1119588.99, -21.15, 2239, 2707, 468, 50, 3, 0, 4);
INSERT INTO Fact_Proyectos_Metricas VALUES (202206, 13, 5, 13, 4, 78547.44, 9519.0, 0, -100.0, 157, 26, -131, 21, 1, 58, 0);
INSERT INTO Fact_Proyectos_Metricas VALUES (202010, 4, 1, 5, 2, 1080747.83, 1255947.9, 1080747.83, -13.95, 2161, 2777, 616, 15, 1, 70, 2);
INSERT INTO Fact_Proyectos_Metricas VALUES (202305, 1, 1, 15, 4, 847318.6, 86480.3, 0, -100.0, 1694, 367, -1327, 13, 0, 74, 0);
INSERT INTO Fact_Proyectos_Metricas VALUES (202309, 2, 6, 8, 1, 927744.01, 831769.23, 1377208.77, 65.58, 1855, 1664, -191, 27, 2, 46, 9);
INSERT INTO Fact_Proyectos_Metricas VALUES (202002, 17, 1, 10, 5, 953363.95, 124430.9, 0, -100.0, 1906, 202, -1704, 19, 3, 62, 0);
INSERT INTO Fact_Proyectos_Metricas VALUES (202204, 9, 2, 6, 2, 1113305.12, 1572498.79, 1113305.12, -29.2, 2226, 2675, 449, 57, 6, 0, 6);
INSERT INTO Fact_Proyectos_Metricas VALUES (202010, 3, 4, 2, 1, 148047.79, 136785.78, 220479.34, 61.19, 296, 286, -10, 58, 9, 0, 7);
INSERT INTO Fact_Proyectos_Metricas VALUES (202409, 15, 6, 13, 4, 920404.78, 308316.62, 0, -100.0, 1840, 576, -1264, 36, 3, 28, 0);
INSERT INTO Fact_Proyectos_Metricas VALUES (202306, 14, 2, 6, 4, 101766.98, 17571.53, 0, -100.0, 203, 35, -168, 56, 5, 0, 0);
INSERT INTO Fact_Proyectos_Metricas VALUES (202407, 15, 6, 4, 2, 1342719.2, 1623962.68, 1342719.2, -17.32, 2685, 3301, 616, 54, 8, 0, 2);
INSERT INTO Fact_Proyectos_Metricas VALUES (202404, 17, 4, 4, 6, 673485.85, 905252.15, 673485.85, -25.6, 1346, 1619, 273, 49, 5, 2, 6);
INSERT INTO Fact_Proyectos_Metricas VALUES (202402, 15, 3, 14, 1, 740066.46, 671739.76, 951229.49, 41.61, 1480, 1198, -282, 13, 0, 74, 7);
INSERT INTO Fact_Proyectos_Metricas VALUES (202308, 14, 4, 15, 6, 65538.8, 76300.12, 65538.8, -14.1, 131, 161, 30, 9, 0, 82, 5);
INSERT INTO Fact_Proyectos_Metricas VALUES (202004, 5, 5, 7, 3, 107018.63, 99072.85, 149934.56, 51.34, 214, 187, -27, 43, 5, 14, 9);
INSERT INTO Fact_Proyectos_Metricas VALUES (202102, 18, 2, 3, 2, 1228478.48, 1609307.76, 1228478.48, -23.66, 2456, 2743, 287, 49, 4, 2, 2);
INSERT INTO Fact_Proyectos_Metricas VALUES (202008, 19, 1, 7, 3, 1301636.65, 1029081.05, 1733840.53, 68.48, 2603, 2439, -164, 4, 0, 92, 7);
INSERT INTO Fact_Proyectos_Metricas VALUES (202304, 7, 6, 3, 4, 1307221.05, 410098.29, 0, -100.0, 2614, 311, -2303, 32, 2, 36, 0);
INSERT INTO Fact_Proyectos_Metricas VALUES (202401, 17, 6, 3, 5, 484015.07, 73857.41, 0, -100.0, 968, 319, -649, 46, 6, 8, 0);
INSERT INTO Fact_Proyectos_Metricas VALUES (202303, 4, 3, 8, 6, 1306713.8, 1927652.48, 1306713.8, -32.21, 2613, 3202, 589, 46, 4, 8, 2);
INSERT INTO Fact_Proyectos_Metricas VALUES (202207, 17, 6, 4, 1, 547998.35, 485318.3, 768281.5, 58.3, 1095, 1009, -86, 26, 4, 48, 9);
INSERT INTO Fact_Proyectos_Metricas VALUES (202203, 14, 3, 11, 3, 55536.94, 41167.03, 81209.5, 97.27, 111, 95, -16, 19, 1, 62, 10);
INSERT INTO Fact_Proyectos_Metricas VALUES (202102, 19, 2, 7, 4, 1468781.45, 162828.43, 0, -100.0, 2937, 347, -2590, 30, 3, 40, 0);
INSERT INTO Fact_Proyectos_Metricas VALUES (202204, 3, 3, 3, 3, 103760.5, 74840.49, 141428.76, 88.97, 207, 188, -19, 38, 3, 24, 7);
INSERT INTO Fact_Proyectos_Metricas VALUES (202212, 5, 6, 12, 6, 68075.49, 86605.94, 68075.49, -21.4, 136, 168, 32, 48, 4, 4, 4);
INSERT INTO Fact_Proyectos_Metricas VALUES (202312, 7, 6, 14, 1, 1252981.9, 886134.91, 1536092.67, 73.35, 2505, 2226, -279, 31, 1, 38, 9);
INSERT INTO Fact_Proyectos_Metricas VALUES (202011, 10, 5, 6, 4, 1043146.23, 178923.96, 0, -100.0, 2086, 632, -1454, 27, 1, 46, 0);
INSERT INTO Fact_Proyectos_Metricas VALUES (202002, 19, 1, 12, 6, 490339.06, 633306.74, 490339.06, -22.57, 980, 1332, 352, 15, 1, 70, 4);
INSERT INTO Fact_Proyectos_Metricas VALUES (202309, 1, 5, 1, 6, 1001065.62, 1278357.97, 1001065.62, -21.69, 2002, 2764, 762, 24, 3, 52, 4);
INSERT INTO Fact_Proyectos_Metricas VALUES (202405, 2, 6, 13, 1, 1264433.68, 1200863.59, 1784270.35, 48.58, 2528, 2314, -214, 27, 4, 46, 7);
INSERT INTO Fact_Proyectos_Metricas VALUES (202201, 18, 5, 2, 4, 453825.39, 142804.4, 0, -100.0, 907, 359, -548, 39, 6, 22, 0);
INSERT INTO Fact_Proyectos_Metricas VALUES (202304, 4, 2, 6, 2, 1407454.07, 1583679.37, 1407454.07, -11.13, 2814, 3480, 666, 39, 4, 22, 4);
INSERT INTO Fact_Proyectos_Metricas VALUES (202408, 3, 4, 11, 1, 138687.72, 101674.9, 191645.9, 88.49, 277, 250, -27, 49, 9, 2, 8);
INSERT INTO Fact_Proyectos_Metricas VALUES (202106, 1, 3, 10, 4, 970907.32, 304357.22, 0, -100.0, 1941, 243, -1698, 58, 5, 0, 0);
INSERT INTO Fact_Proyectos_Metricas VALUES (202301, 7, 4, 12, 4, 1428334.18, 439386.74, 0, -100.0, 2856, 944, -1912, 32, 2, 36, 0);
INSERT INTO Fact_Proyectos_Metricas VALUES (202103, 2, 3, 2, 5, 1067655.43, 125906.54, 0, -100.0, 2135, 421, -1714, 46, 5, 8, 0);
INSERT INTO Fact_Proyectos_Metricas VALUES (202207, 18, 2, 14, 3, 1433246.8, 1020754.13, 1807970.93, 77.12, 2866, 2606, -260, 14, 2, 72, 8);
INSERT INTO Fact_Proyectos_Metricas VALUES (202212, 19, 5, 14, 2, 1384182.49, 1611661.92, 1384182.49, -14.11, 2768, 3307, 539, 6, 0, 88, 6);
INSERT INTO Fact_Proyectos_Metricas VALUES (202001, 19, 6, 9, 3, 1305650.01, 1137547.5, 1635221.84, 43.75, 2611, 2339, -272, 50, 7, 0, 8);
INSERT INTO Fact_Proyectos_Metricas VALUES (202206, 12, 5, 7, 5, 996338.04, 347267.64, 0, -100.0, 1992, 605, -1387, 57, 4, 0, 0);
INSERT INTO Fact_Proyectos_Metricas VALUES (202401, 4, 3, 14, 2, 785033.44, 988641.5, 785033.44, -20.59, 1570, 2183, 613, 43, 3, 14, 2);
INSERT INTO Fact_Proyectos_Metricas VALUES (202012, 18, 3, 3, 3, 1082541.49, 804191.63, 1567171.25, 94.88, 2165, 2043, -122, 52, 7, 0, 10);
INSERT INTO Fact_Proyectos_Metricas VALUES (202101, 19, 1, 1, 2, 1246890.48, 1812020.4, 1246890.48, -31.19, 2493, 3198, 705, 18, 2, 64, 2);
INSERT INTO Fact_Proyectos_Metricas VALUES (202112, 14, 3, 6, 1, 64937.08, 47086.38, 85271.11, 81.1, 129, 122, -7, 45, 8, 10, 9);
INSERT INTO Fact_Proyectos_Metricas VALUES (202411, 1, 1, 13, 4, 1334271.18, 418760.66, 0, -100.0, 2668, 332, -2336, 19, 1, 62, 0);
INSERT INTO Fact_Proyectos_Metricas VALUES (202412, 1, 2, 15, 3, 506736.36, 455173.24, 651277.3, 43.08, 1013, 918, -95, 50, 3, 0, 10);
INSERT INTO Fact_Proyectos_Metricas VALUES (202311, 15, 6, 15, 6, 403693.78, 549122.35, 403693.78, -26.48, 807, 1022, 215, 32, 2, 36, 6);
INSERT INTO Fact_Proyectos_Metricas VALUES (202210, 8, 1, 12, 6, 922167.09, 1070848.65, 922167.09, -13.88, 1844, 2112, 268, 7, 0, 86, 4);
INSERT INTO Fact_Proyectos_Metricas VALUES (202405, 19, 1, 14, 2, 677203.14, 847635.81, 677203.14, -20.11, 1354, 1628, 274, 7, 1, 86, 2);
INSERT INTO Fact_Proyectos_Metricas VALUES (202401, 16, 3, 9, 1, 53970.49, 40896.34, 67798.56, 65.78, 107, 102, -5, 22, 2, 56, 9);
INSERT INTO Fact_Proyectos_Metricas VALUES (202203, 11, 3, 8, 4, 581824.9, 127154.75, 0, -100.0, 1163, 236, -927, 55, 10, 0, 0);
INSERT INTO Fact_Proyectos_Metricas VALUES (202310, 4, 3, 7, 2, 854265.69, 1121612.27, 854265.69, -23.84, 1708, 2234, 526, 13, 1, 74, 5);
INSERT INTO Fact_Proyectos_Metricas VALUES (202112, 6, 2, 11, 5, 80555.23, 28828.2, 0, -100.0, 161, 35, -126, 25, 1, 50, 0);
INSERT INTO Fact_Proyectos_Metricas VALUES (202208, 3, 2, 13, 3, 83080.9, 63890.33, 119607.69, 87.21, 166, 150, -16, 42, 3, 16, 9);
INSERT INTO Fact_Proyectos_Metricas VALUES (202210, 10, 2, 2, 5, 1439075.29, 543123.17, 0, -100.0, 2878, 381, -2497, 58, 7, 0, 0);
INSERT INTO Fact_Proyectos_Metricas VALUES (202308, 9, 2, 5, 3, 910933.52, 844114.52, 1251663.25, 48.28, 1821, 1685, -136, 54, 9, 0, 7);
INSERT INTO Fact_Proyectos_Metricas VALUES (202401, 7, 5, 15, 3, 871659.67, 742607.16, 1139933.11, 53.5, 1743, 1425, -318, 52, 4, 0, 8);
INSERT INTO Fact_Proyectos_Metricas VALUES (202009, 5, 4, 15, 6, 48105.31, 59140.23, 48105.31, -18.66, 96, 109, 13, 57, 7, 0, 6);
INSERT INTO Fact_Proyectos_Metricas VALUES (202403, 11, 3, 14, 4, 671824.35, 169896.14, 0, -100.0, 1343, 190, -1153, 21, 2, 58, 0);
INSERT INTO Fact_Proyectos_Metricas VALUES (202207, 17, 5, 15, 2, 1189872.1, 1742901.08, 1189872.1, -31.73, 2379, 2660, 281, 19, 2, 62, 5);
INSERT INTO Fact_Proyectos_Metricas VALUES (202206, 6, 5, 8, 4, 121039.97, 31587.74, 0, -100.0, 242, 79, -163, 9, 1, 82, 0);
INSERT INTO Fact_Proyectos_Metricas VALUES (202103, 1, 3, 5, 5, 1252682.88, 178166.31, 0, -100.0, 2505, 940, -1565, 51, 8, 0, 0);
INSERT INTO Fact_Proyectos_Metricas VALUES (202412, 5, 5, 2, 1, 123463.06, 93140.33, 176957.68, 89.99, 246, 223, -23, 58, 7, 0, 7);
INSERT INTO Fact_Proyectos_Metricas VALUES (202006, 14, 2, 10, 6, 123869.95, 167457.4, 123869.95, -26.03, 247, 299, 52, 46, 3, 8, 4);
INSERT INTO Fact_Proyectos_Metricas VALUES (202011, 15, 3, 3, 3, 633189.21, 477721.59, 774366.05, 62.1, 1266, 1039, -227, 39, 2, 22, 7);
INSERT INTO Fact_Proyectos_Metricas VALUES (202408, 7, 4, 7, 4, 1351254.68, 239969.88, 0, -100.0, 2702, 417, -2285, 12, 1, 76, 0);
INSERT INTO Fact_Proyectos_Metricas VALUES (202212, 1, 1, 2, 3, 444338.22, 407300.54, 549162.81, 34.83, 888, 730, -158, 17, 3, 66, 10);
INSERT INTO Fact_Proyectos_Metricas VALUES (202105, 4, 1, 1, 3, 1475233.6, 1285264.69, 1803646.84, 40.33, 2950, 2408, -542, 9, 1, 82, 7);
INSERT INTO Fact_Proyectos_Metricas VALUES (202103, 2, 5, 15, 5, 838115.49, 162947.48, 0, -100.0, 1676, 531, -1145, 51, 9, 0, 0);
INSERT INTO Fact_Proyectos_Metricas VALUES (202302, 5, 1, 7, 3, 131060.98, 119239.98, 159047.46, 33.38, 262, 223, -39, 10, 1, 80, 9);
INSERT INTO Fact_Proyectos_Metricas VALUES (202407, 16, 2, 5, 1, 77567.0, 65181.72, 99299.69, 52.34, 155, 135, -20, 39, 4, 22, 8);
INSERT INTO Fact_Proyectos_Metricas VALUES (202012, 12, 1, 2, 4, 781767.17, 99579.69, 0, -100.0, 1563, 276, -1287, 6, 0, 88, 0);
INSERT INTO Fact_Proyectos_Metricas VALUES (202410, 9, 3, 1, 1, 579648.28, 515764.48, 736189.84, 42.74, 1159, 1151, -8, 34, 5, 32, 7);
INSERT INTO Fact_Proyectos_Metricas VALUES (202402, 19, 2, 9, 1, 970531.09, 819098.36, 1201397.82, 46.67, 1941, 1779, -162, 16, 1, 68, 7);
INSERT INTO Fact_Proyectos_Metricas VALUES (202110, 4, 4, 5, 2, 875175.11, 1082866.1, 875175.11, -19.18, 1750, 1929, 179, 60, 11, 0, 2);
INSERT INTO Fact_Proyectos_Metricas VALUES (202007, 11, 6, 11, 5, 1163775.6, 462475.75, 0, -100.0, 2327, 345, -1982, 42, 8, 16, 0);
INSERT INTO Fact_Proyectos_Metricas VALUES (202003, 10, 1, 1, 4, 1149198.34, 259401.5, 0, -100.0, 2298, 319, -1979, 19, 2, 62, 0);
INSERT INTO Fact_Proyectos_Metricas VALUES (202301, 16, 4, 11, 4, 68253.8, 14642.97, 0, -100.0, 136, 40, -96, 16, 2, 68, 0);
INSERT INTO Fact_Proyectos_Metricas VALUES (202410, 2, 3, 5, 1, 549470.33, 406276.87, 664346.52, 63.52, 1098, 996, -102, 49, 6, 2, 7);
INSERT INTO Fact_Proyectos_Metricas VALUES (202408, 2, 3, 2, 1, 1494911.27, 1240992.24, 2112191.25, 70.2, 2989, 2913, -76, 50, 9, 0, 9);
INSERT INTO Fact_Proyectos_Metricas VALUES (202012, 11, 1, 8, 3, 1098975.99, 951246.61, 1602114.97, 68.42, 2197, 2119, -78, 5, 0, 90, 7);
INSERT INTO Fact_Proyectos_Metricas VALUES (202311, 4, 6, 11, 3, 1000027.72, 786432.15, 1291217.4, 64.19, 2000, 1640, -360, 32, 6, 36, 8);
INSERT INTO Fact_Proyectos_Metricas VALUES (202405, 20, 6, 3, 6, 1312347.28, 1899117.99, 1312347.28, -30.9, 2624, 3497, 873, 45, 3, 10, 6);
INSERT INTO Fact_Proyectos_Metricas VALUES (202001, 14, 5, 15, 1, 46647.6, 44083.77, 63901.44, 44.95, 93, 78, -15, 55, 10, 0, 7);
INSERT INTO Fact_Proyectos_Metricas VALUES (202011, 5, 6, 4, 2, 44614.38, 64577.6, 44614.38, -30.91, 89, 110, 21, 13, 1, 74, 5);
INSERT INTO Fact_Proyectos_Metricas VALUES (202204, 19, 4, 11, 4, 1327130.93, 218514.6, 0, -100.0, 2654, 843, -1811, 39, 2, 22, 0);
INSERT INTO Fact_Proyectos_Metricas VALUES (202102, 15, 2, 13, 6, 902402.13, 1323319.28, 902402.13, -31.81, 1804, 2363, 559, 54, 5, 0, 5);
INSERT INTO Fact_Proyectos_Metricas VALUES (202101, 12, 5, 12, 2, 1292713.28, 1857392.57, 1292713.28, -30.4, 2585, 3336, 751, 38, 3, 24, 6);
INSERT INTO Fact_Proyectos_Metricas VALUES (202104, 3, 4, 15, 3, 71858.38, 55160.15, 98874.92, 79.25, 143, 121, -22, 52, 8, 0, 8);
INSERT INTO Fact_Proyectos_Metricas VALUES (202411, 4, 2, 11, 5, 1408231.36, 175764.92, 0, -100.0, 2816, 697, -2119, 57, 4, 0, 0);
INSERT INTO Fact_Proyectos_Metricas VALUES (202405, 15, 3, 5, 2, 1021139.18, 1351104.62, 1021139.18, -24.42, 2042, 2266, 224, 8, 1, 84, 1);
INSERT INTO Fact_Proyectos_Metricas VALUES (202307, 2, 1, 9, 3, 1338148.19, 1094583.2, 1885215.67, 72.23, 2676, 2406, -270, 18, 3, 64, 10);
INSERT INTO Fact_Proyectos_Metricas VALUES (202402, 1, 5, 1, 3, 595470.98, 491037.09, 764260.94, 55.64, 1190, 1028, -162, 55, 3, 0, 10);
INSERT INTO Fact_Proyectos_Metricas VALUES (202104, 14, 3, 11, 4, 134549.87, 16018.76, 0, -100.0, 269, 76, -193, 10, 0, 80, 0);
INSERT INTO Fact_Proyectos_Metricas VALUES (202112, 2, 5, 7, 2, 1406094.11, 1941299.98, 1406094.11, -27.57, 2812, 3413, 601, 39, 7, 22, 1);
INSERT INTO Fact_Proyectos_Metricas VALUES (202406, 16, 2, 4, 2, 123572.65, 160701.5, 123572.65, -23.1, 247, 305, 58, 26, 2, 48, 3);
INSERT INTO Fact_Proyectos_Metricas VALUES (202412, 4, 2, 5, 5, 1322927.98, 208352.68, 0, -100.0, 2645, 391, -2254, 34, 5, 32, 0);
INSERT INTO Fact_Proyectos_Metricas VALUES (202009, 18, 3, 4, 3, 844403.58, 779240.16, 1079369.96, 38.52, 1688, 1509, -179, 45, 8, 10, 8);
INSERT INTO Fact_Proyectos_Metricas VALUES (202001, 10, 5, 4, 4, 1226535.4, 151643.71, 0, -100.0, 2453, 663, -1790, 50, 7, 0, 0);
INSERT INTO Fact_Proyectos_Metricas VALUES (202108, 10, 2, 8, 2, 966337.56, 1396621.5, 966337.56, -30.81, 1932, 2277, 345, 7, 1, 86, 2);
INSERT INTO Fact_Proyectos_Metricas VALUES (202408, 3, 2, 3, 2, 118634.88, 151907.75, 118634.88, -21.9, 237, 261, 24, 55, 7, 0, 3);
INSERT INTO Fact_Proyectos_Metricas VALUES (202412, 16, 5, 9, 4, 113805.07, 32698.01, 0, -100.0, 227, 52, -175, 37, 2, 26, 0);
INSERT INTO Fact_Proyectos_Metricas VALUES (202106, 10, 4, 7, 3, 1325739.51, 957081.87, 1782648.8, 86.26, 2651, 2489, -162, 54, 5, 0, 10);
INSERT INTO Fact_Proyectos_Metricas VALUES (202204, 15, 5, 14, 4, 777696.37, 156835.58, 0, -100.0, 1555, 467, -1088, 22, 1, 56, 0);
INSERT INTO Fact_Proyectos_Metricas VALUES (202412, 17, 5, 9, 3, 1274257.22, 1073081.66, 1854349.09, 72.81, 2548, 2397, -151, 31, 3, 38, 9);
INSERT INTO Fact_Proyectos_Metricas VALUES (202312, 6, 3, 12, 2, 146717.93, 197199.98, 146717.93, -25.6, 293, 353, 60, 54, 9, 0, 5);
INSERT INTO Fact_Proyectos_Metricas VALUES (202109, 2, 6, 9, 1, 496862.4, 399322.99, 640922.24, 60.5, 993, 811, -182, 21, 2, 58, 9);
INSERT INTO Fact_Proyectos_Metricas VALUES (202103, 9, 1, 5, 5, 692145.91, 105880.86, 0, -100.0, 1384, 257, -1127, 13, 0, 74, 0);
INSERT INTO Fact_Proyectos_Metricas VALUES (202010, 9, 6, 13, 4, 661069.77, 109091.67, 0, -100.0, 1322, 155, -1167, 28, 4, 44, 0);
INSERT INTO Fact_Proyectos_Metricas VALUES (202309, 20, 5, 13, 5, 530697.47, 189972.0, 0, -100.0, 1061, 373, -688, 33, 4, 34, 0);
INSERT INTO Fact_Proyectos_Metricas VALUES (202303, 2, 2, 5, 2, 1467890.58, 2179049.39, 1467890.58, -32.64, 2935, 4094, 1159, 18, 1, 64, 5);
INSERT INTO Fact_Proyectos_Metricas VALUES (202107, 1, 5, 14, 2, 1126146.43, 1634100.27, 1126146.43, -31.08, 2252, 2685, 433, 36, 2, 28, 1);
INSERT INTO Fact_Proyectos_Metricas VALUES (202301, 19, 4, 8, 6, 942795.11, 1079592.79, 942795.11, -12.67, 1885, 2550, 665, 48, 3, 4, 1);
INSERT INTO Fact_Proyectos_Metricas VALUES (202205, 6, 2, 13, 5, 148767.4, 16372.98, 0, -100.0, 297, 54, -243, 32, 3, 36, 0);
INSERT INTO Fact_Proyectos_Metricas VALUES (202402, 2, 5, 3, 5, 1361701.97, 255769.62, 0, -100.0, 2723, 995, -1728, 24, 3, 52, 0);
INSERT INTO Fact_Proyectos_Metricas VALUES (202106, 16, 3, 1, 3, 91945.86, 76786.22, 125412.73, 63.33, 183, 152, -31, 54, 7, 0, 9);
INSERT INTO Fact_Proyectos_Metricas VALUES (202308, 4, 3, 4, 1, 731881.02, 581610.54, 966197.57, 66.12, 1463, 1202, -261, 51, 4, 0, 7);
INSERT INTO Fact_Proyectos_Metricas VALUES (202111, 10, 1, 12, 6, 1097411.24, 1255217.28, 1097411.24, -12.57, 2194, 2940, 746, 24, 2, 52, 1);
INSERT INTO Fact_Proyectos_Metricas VALUES (202204, 9, 4, 13, 2, 401532.31, 506723.26, 401532.31, -20.76, 803, 968, 165, 33, 5, 34, 3);
INSERT INTO Fact_Proyectos_Metricas VALUES (202307, 15, 4, 7, 1, 1433571.6, 1191181.51, 2144438.18, 80.03, 2867, 2508, -359, 49, 8, 2, 9);
INSERT INTO Fact_Proyectos_Metricas VALUES (202205, 5, 6, 12, 2, 95421.27, 120990.04, 95421.27, -21.13, 190, 249, 59, 15, 2, 70, 1);
INSERT INTO Fact_Proyectos_Metricas VALUES (202203, 14, 6, 7, 2, 84847.44, 113992.1, 84847.44, -25.57, 169, 203, 34, 49, 8, 2, 6);
INSERT INTO Fact_Proyectos_Metricas VALUES (202007, 12, 1, 13, 2, 456118.96, 524095.94, 456118.96, -12.97, 912, 1053, 141, 6, 1, 88, 2);
INSERT INTO Fact_Proyectos_Metricas VALUES (202307, 4, 6, 8, 2, 771784.45, 881669.79, 771784.45, -12.46, 1543, 2098, 555, 13, 0, 74, 1);
INSERT INTO Fact_Proyectos_Metricas VALUES (202210, 3, 3, 8, 4, 130332.25, 45103.97, 0, -100.0, 260, 38, -222, 48, 8, 4, 0);
INSERT INTO Fact_Proyectos_Metricas VALUES (202310, 11, 4, 8, 4, 880040.11, 271524.18, 0, -100.0, 1760, 460, -1300, 25, 2, 50, 0);
INSERT INTO Fact_Proyectos_Metricas VALUES (202305, 8, 4, 15, 5, 854762.66, 325553.59, 0, -100.0, 1709, 427, -1282, 55, 3, 0, 0);
INSERT INTO Fact_Proyectos_Metricas VALUES (202402, 5, 3, 9, 4, 144825.26, 22324.47, 0, -100.0, 289, 83, -206, 24, 3, 52, 0);
INSERT INTO Fact_Proyectos_Metricas VALUES (202408, 19, 6, 7, 2, 1024271.1, 1350247.87, 1024271.1, -24.14, 2048, 2575, 527, 33, 6, 34, 5);
INSERT INTO Fact_Proyectos_Metricas VALUES (202101, 2, 3, 13, 5, 688863.49, 91615.16, 0, -100.0, 1377, 222, -1155, 28, 2, 44, 0);
INSERT INTO Fact_Proyectos_Metricas VALUES (202312, 18, 2, 5, 6, 510546.15, 746629.11, 510546.15, -31.62, 1021, 1263, 242, 25, 1, 50, 3);
INSERT INTO Fact_Proyectos_Metricas VALUES (202207, 6, 5, 1, 1, 129703.67, 98668.0, 184481.31, 86.97, 259, 223, -36, 52, 8, 0, 8);
INSERT INTO Fact_Proyectos_Metricas VALUES (202412, 8, 2, 7, 6, 643747.45, 917721.74, 643747.45, -29.85, 1287, 1743, 456, 19, 1, 62, 1);
INSERT INTO Fact_Proyectos_Metricas VALUES (202306, 13, 2, 6, 5, 55995.89, 19127.1, 0, -100.0, 111, 23, -88, 44, 5, 12, 0);
INSERT INTO Fact_Proyectos_Metricas VALUES (202312, 13, 6, 12, 2, 121892.5, 138550.53, 121892.5, -12.02, 243, 323, 80, 36, 5, 28, 5);
INSERT INTO Fact_Proyectos_Metricas VALUES (202003, 10, 1, 6, 1, 1285391.38, 1056168.32, 1636039.63, 54.9, 2570, 2403, -167, 18, 1, 64, 10);
INSERT INTO Fact_Proyectos_Metricas VALUES (202209, 4, 2, 13, 6, 498780.73, 558265.88, 498780.73, -10.66, 997, 1351, 354, 32, 2, 36, 3);
INSERT INTO Fact_Proyectos_Metricas VALUES (202102, 18, 1, 3, 4, 1363606.45, 162034.25, 0, -100.0, 2727, 713, -2014, 17, 2, 66, 0);
INSERT INTO Fact_Proyectos_Metricas VALUES (202008, 5, 6, 15, 4, 72174.43, 22685.01, 0, -100.0, 144, 33, -111, 60, 5, 0, 0);
INSERT INTO Fact_Proyectos_Metricas VALUES (202309, 18, 2, 11, 6, 732676.57, 946045.87, 732676.57, -22.55, 1465, 2028, 563, 22, 3, 56, 3);
INSERT INTO Fact_Proyectos_Metricas VALUES (202104, 19, 6, 6, 4, 715705.39, 94848.16, 0, -100.0, 1431, 483, -948, 43, 5, 14, 0);
INSERT INTO Fact_Proyectos_Metricas VALUES (202005, 2, 4, 6, 2, 435669.04, 577652.5, 435669.04, -24.58, 871, 965, 94, 22, 2, 56, 5);
INSERT INTO Fact_Proyectos_Metricas VALUES (202310, 14, 3, 15, 3, 44261.33, 32949.28, 54549.16, 65.55, 88, 80, -8, 38, 3, 24, 10);
INSERT INTO Fact_Proyectos_Metricas VALUES (202004, 12, 6, 10, 5, 1454232.12, 403062.41, 0, -100.0, 2908, 1135, -1773, 20, 3, 60, 0);
INSERT INTO Fact_Proyectos_Metricas VALUES (202108, 5, 2, 10, 6, 114143.54, 134115.05, 114143.54, -14.89, 228, 290, 62, 40, 3, 20, 1);
INSERT INTO Fact_Proyectos_Metricas VALUES (202402, 16, 6, 10, 4, 107094.12, 27026.85, 0, -100.0, 214, 60, -154, 25, 1, 50, 0);
INSERT INTO Fact_Proyectos_Metricas VALUES (202111, 1, 1, 2, 4, 1162459.33, 234271.06, 0, -100.0, 2324, 505, -1819, 22, 1, 56, 0);
INSERT INTO Fact_Proyectos_Metricas VALUES (202005, 20, 2, 11, 4, 509419.36, 197918.5, 0, -100.0, 1018, 274, -744, 48, 3, 4, 0);
INSERT INTO Fact_Proyectos_Metricas VALUES (202311, 10, 3, 2, 3, 759205.86, 583423.56, 912413.21, 56.39, 1518, 1309, -209, 21, 4, 58, 8);
INSERT INTO Fact_Proyectos_Metricas VALUES (202103, 15, 5, 14, 4, 1041637.34, 337935.49, 0, -100.0, 2083, 760, -1323, 40, 5, 20, 0);
INSERT INTO Fact_Proyectos_Metricas VALUES (202307, 14, 1, 8, 1, 122032.56, 113464.24, 164005.83, 44.54, 244, 218, -26, 20, 3, 60, 10);
INSERT INTO Fact_Proyectos_Metricas VALUES (202307, 14, 3, 3, 6, 81431.41, 116786.25, 81431.41, -30.27, 162, 189, 27, 20, 3, 60, 3);
INSERT INTO Fact_Proyectos_Metricas VALUES (202210, 3, 6, 13, 4, 41217.42, 10596.08, 0, -100.0, 82, 20, -62, 49, 8, 2, 0);
INSERT INTO Fact_Proyectos_Metricas VALUES (202105, 13, 2, 12, 6, 138666.6, 153757.31, 138666.6, -9.81, 277, 313, 36, 7, 0, 86, 5);
INSERT INTO Fact_Proyectos_Metricas VALUES (202212, 7, 1, 3, 2, 873719.34, 1014968.43, 873719.34, -13.92, 1747, 2007, 260, 24, 3, 52, 6);
INSERT INTO Fact_Proyectos_Metricas VALUES (202404, 19, 4, 3, 1, 809759.32, 572162.16, 1090510.48, 90.59, 1619, 1610, -9, 54, 4, 0, 10);
INSERT INTO Fact_Proyectos_Metricas VALUES (202210, 9, 1, 5, 1, 1020213.76, 968062.99, 1488062.72, 53.72, 2040, 1674, -366, 10, 1, 80, 8);
INSERT INTO Fact_Proyectos_Metricas VALUES (202102, 7, 1, 14, 6, 1490617.49, 1790616.79, 1490617.49, -16.75, 2981, 3290, 309, 22, 1, 56, 6);
INSERT INTO Fact_Proyectos_Metricas VALUES (202107, 18, 5, 11, 2, 679766.27, 835185.88, 679766.27, -18.61, 1359, 1715, 356, 25, 4, 50, 5);
INSERT INTO Fact_Proyectos_Metricas VALUES (202204, 17, 1, 6, 3, 901153.99, 716513.35, 1089798.2, 52.1, 1802, 1697, -105, 25, 2, 50, 9);
INSERT INTO Fact_Proyectos_Metricas VALUES (202205, 13, 3, 15, 4, 77308.42, 17422.47, 0, -100.0, 154, 61, -93, 21, 4, 58, 0);
INSERT INTO Fact_Proyectos_Metricas VALUES (202103, 10, 4, 7, 1, 744605.62, 619797.02, 953798.98, 53.89, 1489, 1360, -129, 8, 1, 84, 8);
INSERT INTO Fact_Proyectos_Metricas VALUES (202106, 20, 2, 14, 1, 831200.84, 662921.56, 1196116.06, 80.43, 1662, 1338, -324, 6, 1, 88, 9);
INSERT INTO Fact_Proyectos_Metricas VALUES (202010, 9, 5, 7, 6, 656949.11, 860257.84, 656949.11, -23.63, 1313, 1775, 462, 40, 3, 20, 5);
INSERT INTO Fact_Proyectos_Metricas VALUES (202004, 3, 6, 12, 1, 134281.6, 100329.53, 187136.87, 86.52, 268, 223, -45, 30, 1, 40, 8);
INSERT INTO Fact_Proyectos_Metricas VALUES (202001, 14, 2, 12, 1, 117318.28, 95379.03, 154776.73, 62.28, 234, 194, -40, 52, 3, 0, 10);
INSERT INTO Fact_Proyectos_Metricas VALUES (202111, 9, 5, 10, 2, 900891.8, 1110193.85, 900891.8, -18.85, 1801, 2380, 579, 38, 6, 24, 1);
INSERT INTO Fact_Proyectos_Metricas VALUES (202003, 13, 6, 14, 2, 52814.6, 61902.98, 52814.6, -14.68, 105, 130, 25, 12, 0, 76, 3);
INSERT INTO Fact_Proyectos_Metricas VALUES (202301, 9, 1, 3, 2, 509385.59, 591960.61, 509385.59, -13.95, 1018, 1293, 275, 2, 0, 96, 4);
INSERT INTO Fact_Proyectos_Metricas VALUES (202401, 16, 1, 7, 1, 82977.81, 64110.4, 105462.14, 64.5, 165, 163, -2, 24, 2, 52, 7);
INSERT INTO Fact_Proyectos_Metricas VALUES (202002, 16, 1, 12, 3, 110176.97, 90958.92, 161239.85, 77.27, 220, 195, -25, 5, 0, 90, 8);
INSERT INTO Fact_Proyectos_Metricas VALUES (202208, 8, 1, 3, 1, 422668.55, 342003.93, 536597.88, 56.9, 845, 702, -143, 13, 2, 74, 7);
INSERT INTO Fact_Proyectos_Metricas VALUES (202105, 12, 2, 4, 4, 537743.99, 135610.95, 0, -100.0, 1075, 347, -728, 34, 2, 32, 0);
INSERT INTO Fact_Proyectos_Metricas VALUES (202202, 12, 6, 12, 1, 840930.5, 702049.87, 1049903.04, 49.55, 1681, 1408, -273, 13, 1, 74, 7);
INSERT INTO Fact_Proyectos_Metricas VALUES (202010, 11, 5, 11, 1, 1039002.73, 946061.56, 1313251.2, 38.81, 2078, 1964, -114, 40, 4, 20, 9);
INSERT INTO Fact_Proyectos_Metricas VALUES (202004, 5, 4, 5, 1, 109237.15, 76827.1, 154033.13, 100.49, 218, 200, -18, 42, 3, 16, 8);
INSERT INTO Fact_Proyectos_Metricas VALUES (202008, 17, 3, 15, 3, 1185329.28, 1081806.7, 1655133.64, 53.0, 2370, 2037, -333, 25, 2, 50, 8);
INSERT INTO Fact_Proyectos_Metricas VALUES (202409, 3, 1, 1, 5, 80971.97, 19747.24, 0, -100.0, 161, 54, -107, 22, 1, 56, 0);
INSERT INTO Fact_Proyectos_Metricas VALUES (202106, 10, 1, 8, 1, 727349.14, 602868.49, 913515.4, 51.53, 1454, 1313, -141, 20, 3, 60, 7);
INSERT INTO Fact_Proyectos_Metricas VALUES (202306, 11, 3, 13, 4, 869263.72, 182843.99, 0, -100.0, 1738, 303, -1435, 30, 4, 40, 0);
INSERT INTO Fact_Proyectos_Metricas VALUES (202401, 2, 2, 4, 1, 1259395.01, 926916.64, 1668320.82, 79.99, 2518, 2200, -318, 54, 5, 0, 7);
INSERT INTO Fact_Proyectos_Metricas VALUES (202011, 2, 3, 6, 2, 535439.99, 783981.94, 535439.99, -31.7, 1070, 1285, 215, 55, 10, 0, 4);
INSERT INTO Fact_Proyectos_Metricas VALUES (202005, 18, 5, 14, 5, 1282231.18, 401246.22, 0, -100.0, 2564, 453, -2111, 14, 2, 72, 0);
INSERT INTO Fact_Proyectos_Metricas VALUES (202004, 20, 2, 14, 2, 1475836.58, 2148294.57, 1475836.58, -31.3, 2951, 3473, 522, 28, 1, 44, 1);
INSERT INTO Fact_Proyectos_Metricas VALUES (202105, 16, 6, 1, 2, 112234.45, 126756.55, 112234.45, -11.46, 224, 269, 45, 58, 8, 0, 5);
INSERT INTO Fact_Proyectos_Metricas VALUES (202101, 13, 2, 6, 5, 75429.68, 29183.72, 0, -100.0, 150, 35, -115, 8, 1, 84, 0);
INSERT INTO Fact_Proyectos_Metricas VALUES (202312, 2, 3, 4, 5, 1216664.05, 123643.63, 0, -100.0, 2433, 360, -2073, 56, 5, 0, 0);
INSERT INTO Fact_Proyectos_Metricas VALUES (202101, 7, 2, 5, 3, 700767.45, 566771.96, 936872.75, 65.3, 1401, 1292, -109, 60, 9, 0, 10);
INSERT INTO Fact_Proyectos_Metricas VALUES (202404, 10, 5, 12, 6, 1168399.19, 1584285.68, 1168399.19, -26.25, 2336, 2706, 370, 20, 1, 60, 5);
INSERT INTO Fact_Proyectos_Metricas VALUES (202105, 4, 1, 10, 6, 591167.92, 687824.56, 591167.92, -14.05, 1182, 1591, 409, 15, 2, 70, 6);
INSERT INTO Fact_Proyectos_Metricas VALUES (202204, 12, 5, 6, 2, 1311643.53, 1472666.83, 1311643.53, -10.93, 2623, 3415, 792, 36, 6, 28, 1);
INSERT INTO Fact_Proyectos_Metricas VALUES (202201, 10, 5, 5, 5, 1293051.54, 193718.72, 0, -100.0, 2586, 1022, -1564, 30, 2, 40, 0);
INSERT INTO Fact_Proyectos_Metricas VALUES (202106, 12, 3, 6, 5, 758289.27, 275958.19, 0, -100.0, 1516, 165, -1351, 57, 7, 0, 0);
INSERT INTO Fact_Proyectos_Metricas VALUES (202211, 9, 6, 10, 1, 546315.81, 499356.58, 768111.51, 53.82, 1092, 927, -165, 13, 1, 74, 9);
INSERT INTO Fact_Proyectos_Metricas VALUES (202109, 12, 4, 13, 6, 1375652.2, 1530526.64, 1375652.2, -10.12, 2751, 3170, 419, 55, 9, 0, 1);
INSERT INTO Fact_Proyectos_Metricas VALUES (202307, 12, 4, 15, 1, 791366.11, 627876.06, 1038753.52, 65.44, 1582, 1408, -174, 24, 2, 52, 9);
INSERT INTO Fact_Proyectos_Metricas VALUES (202304, 8, 3, 7, 6, 790127.81, 987260.47, 790127.81, -19.97, 1580, 1789, 209, 21, 3, 58, 5);
INSERT INTO Fact_Proyectos_Metricas VALUES (202105, 8, 6, 15, 4, 634864.29, 149285.12, 0, -100.0, 1269, 495, -774, 21, 3, 58, 0);
INSERT INTO Fact_Proyectos_Metricas VALUES (202303, 15, 2, 14, 6, 1294470.74, 1781987.62, 1294470.74, -27.36, 2588, 3243, 655, 60, 11, 0, 3);
INSERT INTO Fact_Proyectos_Metricas VALUES (202302, 11, 5, 15, 4, 1489860.0, 328298.89, 0, -100.0, 2979, 946, -2033, 10, 1, 80, 0);
INSERT INTO Fact_Proyectos_Metricas VALUES (202003, 7, 2, 1, 1, 683802.27, 515125.52, 854537.17, 65.89, 1367, 1137, -230, 43, 7, 14, 7);
INSERT INTO Fact_Proyectos_Metricas VALUES (202105, 15, 5, 13, 4, 1126989.23, 405399.43, 0, -100.0, 2253, 773, -1480, 12, 1, 76, 0);
INSERT INTO Fact_Proyectos_Metricas VALUES (202206, 14, 1, 5, 5, 100844.48, 20675.11, 0, -100.0, 201, 58, -143, 8, 0, 84, 0);
INSERT INTO Fact_Proyectos_Metricas VALUES (202208, 1, 6, 15, 5, 1337999.13, 459093.64, 0, -100.0, 2675, 501, -2174, 49, 5, 2, 0);
INSERT INTO Fact_Proyectos_Metricas VALUES (202308, 12, 2, 8, 4, 1469868.85, 481211.41, 0, -100.0, 2939, 406, -2533, 36, 6, 28, 0);
INSERT INTO Fact_Proyectos_Metricas VALUES (202207, 1, 6, 12, 5, 1106905.04, 359256.99, 0, -100.0, 2213, 833, -1380, 43, 4, 14, 0);
INSERT INTO Fact_Proyectos_Metricas VALUES (202311, 9, 6, 13, 1, 1424100.12, 1085730.62, 2000303.04, 84.24, 2848, 2574, -274, 28, 3, 44, 9);
INSERT INTO Fact_Proyectos_Metricas VALUES (202102, 12, 5, 14, 2, 454011.19, 663259.85, 454011.19, -31.55, 908, 1188, 280, 36, 6, 28, 4);
INSERT INTO Fact_Proyectos_Metricas VALUES (202412, 9, 6, 1, 1, 1355920.0, 1139782.26, 1912408.52, 67.79, 2711, 2551, -160, 46, 2, 8, 9);
INSERT INTO Fact_Proyectos_Metricas VALUES (202003, 19, 5, 13, 3, 686890.34, 609003.22, 960620.74, 57.74, 1373, 1342, -31, 28, 2, 44, 9);
INSERT INTO Fact_Proyectos_Metricas VALUES (202302, 1, 1, 2, 4, 1432842.7, 229311.39, 0, -100.0, 2865, 482, -2383, 21, 2, 58, 0);
INSERT INTO Fact_Proyectos_Metricas VALUES (202102, 12, 2, 10, 1, 841787.01, 692800.74, 1118967.34, 61.51, 1683, 1359, -324, 55, 2, 0, 7);
INSERT INTO Fact_Proyectos_Metricas VALUES (202107, 3, 1, 8, 6, 73527.77, 87890.28, 73527.77, -16.34, 147, 186, 39, 17, 2, 66, 2);
INSERT INTO Fact_Proyectos_Metricas VALUES (202103, 20, 6, 3, 1, 698082.67, 616383.31, 948678.23, 53.91, 1396, 1154, -242, 60, 11, 0, 7);
INSERT INTO Fact_Proyectos_Metricas VALUES (202102, 1, 6, 15, 5, 1183496.36, 183948.54, 0, -100.0, 2366, 729, -1637, 33, 6, 34, 0);
INSERT INTO Fact_Proyectos_Metricas VALUES (202408, 16, 4, 6, 2, 82412.06, 120036.53, 82412.06, -31.34, 164, 200, 36, 25, 1, 50, 2);
INSERT INTO Fact_Proyectos_Metricas VALUES (202104, 5, 5, 8, 5, 102718.33, 14557.59, 0, -100.0, 205, 72, -133, 38, 7, 24, 0);
INSERT INTO Fact_Proyectos_Metricas VALUES (202308, 1, 1, 8, 6, 889921.89, 1182396.03, 889921.89, -24.74, 1779, 2210, 431, 24, 2, 52, 3);
INSERT INTO Fact_Proyectos_Metricas VALUES (202407, 17, 5, 8, 6, 972210.24, 1307329.43, 972210.24, -25.63, 1944, 2184, 240, 40, 4, 20, 3);
INSERT INTO Fact_Proyectos_Metricas VALUES (202205, 18, 1, 12, 2, 662881.72, 952649.11, 662881.72, -30.42, 1325, 1549, 224, 17, 1, 66, 6);
INSERT INTO Fact_Proyectos_Metricas VALUES (202011, 10, 3, 1, 3, 1413631.6, 1263573.42, 1968633.05, 55.8, 2827, 2670, -157, 32, 5, 36, 8);
INSERT INTO Fact_Proyectos_Metricas VALUES (202204, 12, 3, 13, 4, 584519.93, 171378.36, 0, -100.0, 1169, 439, -730, 44, 5, 12, 0);
INSERT INTO Fact_Proyectos_Metricas VALUES (202102, 19, 6, 9, 1, 704205.41, 619582.09, 951973.01, 53.65, 1408, 1173, -235, 32, 6, 36, 8);
INSERT INTO Fact_Proyectos_Metricas VALUES (202107, 3, 5, 1, 5, 145317.52, 41199.7, 0, -100.0, 290, 87, -203, 9, 1, 82, 0);
INSERT INTO Fact_Proyectos_Metricas VALUES (202108, 6, 3, 13, 4, 63911.07, 18365.77, 0, -100.0, 127, 38, -89, 31, 4, 38, 0);
INSERT INTO Fact_Proyectos_Metricas VALUES (202208, 10, 2, 9, 4, 1086272.25, 138537.99, 0, -100.0, 2172, 743, -1429, 37, 6, 26, 0);
INSERT INTO Fact_Proyectos_Metricas VALUES (202305, 13, 6, 4, 6, 115263.66, 141081.07, 115263.66, -18.3, 230, 317, 87, 21, 3, 58, 2);
INSERT INTO Fact_Proyectos_Metricas VALUES (202208, 9, 1, 1, 1, 929386.85, 669762.46, 1241939.68, 85.43, 1858, 1744, -114, 10, 0, 80, 10);
INSERT INTO Fact_Proyectos_Metricas VALUES (202310, 20, 5, 1, 6, 1048247.65, 1250549.61, 1048247.65, -16.18, 2096, 2455, 359, 48, 6, 4, 1);
INSERT INTO Fact_Proyectos_Metricas VALUES (202201, 17, 5, 9, 6, 1124618.42, 1401248.3, 1124618.42, -19.74, 2249, 3141, 892, 57, 3, 0, 5);
INSERT INTO Fact_Proyectos_Metricas VALUES (202105, 9, 4, 9, 4, 633395.37, 85982.91, 0, -100.0, 1266, 255, -1011, 51, 8, 0, 0);
INSERT INTO Fact_Proyectos_Metricas VALUES (202106, 16, 2, 14, 2, 145011.78, 159575.14, 145011.78, -9.13, 290, 330, 40, 24, 4, 52, 1);
INSERT INTO Fact_Proyectos_Metricas VALUES (202305, 6, 2, 15, 5, 94724.52, 14795.98, 0, -100.0, 189, 29, -160, 54, 5, 0, 0);
INSERT INTO Fact_Proyectos_Metricas VALUES (202201, 9, 3, 13, 6, 645664.03, 842147.73, 645664.03, -23.33, 1291, 1600, 309, 7, 0, 86, 1);
INSERT INTO Fact_Proyectos_Metricas VALUES (202407, 19, 2, 5, 2, 932926.71, 1107575.96, 932926.71, -15.77, 1865, 2148, 283, 39, 4, 22, 2);
INSERT INTO Fact_Proyectos_Metricas VALUES (202203, 15, 1, 5, 2, 1432157.32, 1605602.17, 1432157.32, -10.8, 2864, 3905, 1041, 24, 4, 52, 4);
INSERT INTO Fact_Proyectos_Metricas VALUES (202010, 9, 5, 9, 5, 899073.54, 303474.39, 0, -100.0, 1798, 404, -1394, 42, 6, 16, 0);
INSERT INTO Fact_Proyectos_Metricas VALUES (202206, 20, 4, 8, 5, 963297.15, 109762.24, 0, -100.0, 1926, 385, -1541, 56, 3, 0, 0);
INSERT INTO Fact_Proyectos_Metricas VALUES (202009, 12, 4, 7, 6, 1137794.32, 1655423.67, 1137794.32, -31.27, 2275, 2675, 400, 52, 8, 0, 1);
INSERT INTO Fact_Proyectos_Metricas VALUES (202409, 16, 4, 4, 5, 118090.63, 37087.04, 0, -100.0, 236, 91, -145, 9, 1, 82, 0);
INSERT INTO Fact_Proyectos_Metricas VALUES (202404, 9, 5, 1, 1, 917762.23, 740012.2, 1166740.09, 57.66, 1835, 1595, -240, 6, 0, 88, 7);
INSERT INTO Fact_Proyectos_Metricas VALUES (202306, 10, 4, 1, 3, 998099.87, 776154.6, 1468330.52, 89.18, 1996, 1747, -249, 30, 2, 40, 8);
INSERT INTO Fact_Proyectos_Metricas VALUES (202402, 18, 3, 15, 1, 802641.05, 569870.38, 1014208.25, 77.97, 1605, 1596, -9, 46, 5, 8, 10);
INSERT INTO Fact_Proyectos_Metricas VALUES (202011, 20, 2, 13, 4, 1388546.23, 210209.94, 0, -100.0, 2777, 365, -2412, 39, 3, 22, 0);
INSERT INTO Fact_Proyectos_Metricas VALUES (202310, 3, 6, 10, 5, 127986.08, 33761.61, 0, -100.0, 255, 44, -211, 16, 1, 68, 0);
INSERT INTO Fact_Proyectos_Metricas VALUES (202302, 14, 6, 13, 6, 129447.64, 190930.83, 129447.64, -32.2, 258, 318, 60, 9, 1, 82, 4);
INSERT INTO Fact_Proyectos_Metricas VALUES (202302, 16, 3, 9, 1, 102445.04, 81856.27, 137725.58, 68.25, 204, 165, -39, 14, 1, 72, 9);
INSERT INTO Fact_Proyectos_Metricas VALUES (202012, 8, 4, 2, 2, 1462499.38, 1735188.83, 1462499.38, -15.72, 2924, 3983, 1059, 39, 5, 22, 1);
INSERT INTO Fact_Proyectos_Metricas VALUES (202009, 6, 5, 15, 5, 56442.69, 5791.84, 0, -100.0, 112, 25, -87, 42, 3, 16, 0);
INSERT INTO Fact_Proyectos_Metricas VALUES (202004, 19, 5, 7, 2, 663048.62, 877539.9, 663048.62, -24.44, 1326, 1785, 459, 15, 2, 70, 4);
INSERT INTO Fact_Proyectos_Metricas VALUES (202211, 13, 5, 12, 6, 129768.96, 170361.64, 129768.96, -23.83, 259, 305, 46, 28, 4, 44, 2);
INSERT INTO Fact_Proyectos_Metricas VALUES (202104, 3, 1, 1, 2, 81380.6, 96025.16, 81380.6, -15.25, 162, 206, 44, 4, 0, 92, 5);
INSERT INTO Fact_Proyectos_Metricas VALUES (202304, 16, 5, 11, 6, 111276.2, 164758.32, 111276.2, -32.46, 222, 272, 50, 36, 4, 28, 5);
INSERT INTO Fact_Proyectos_Metricas VALUES (202009, 15, 3, 8, 4, 673578.27, 182573.9, 0, -100.0, 1347, 258, -1089, 48, 6, 4, 0);
INSERT INTO Fact_Proyectos_Metricas VALUES (202001, 8, 5, 7, 6, 423399.5, 608688.29, 423399.5, -30.44, 846, 1022, 176, 51, 8, 0, 3);
INSERT INTO Fact_Proyectos_Metricas VALUES (202202, 13, 4, 2, 4, 77548.43, 16510.5, 0, -100.0, 155, 42, -113, 19, 1, 62, 0);
INSERT INTO Fact_Proyectos_Metricas VALUES (202102, 13, 2, 11, 5, 94153.51, 12578.52, 0, -100.0, 188, 59, -129, 55, 7, 0, 0);
